location_id,lat_adj,lon_adj,elevation,Month_Year,acq_date,acq_year,acq_month,acq_day,brightness,confidence,frp,geometry,name,weather_code,temp_max (°C),temp_min (°C),temp_mean (°C),precipitation (mm),rain (mm),wind_speed_max (km/h),wind_gusts_max (km/h),wind_direction_dominant (°N)
0,25.42,77.85,429,5-2023,15-05-2023,2023,5,15,345.1,87.5,69.35,POINT (77.85 25.42),Madhav National Park,0,40.5,26.6,33.4,0,0,10.8,15.8,253
1,23.23,79.23,465,5-2023,13-05-2023,2023,5,13,342.3,83,22.3,POINT (79.23 23.23),Noradehi WLS,2,41.3,22.6,32.2,0,0,13.7,24.8,16
2,23.23,79.24,453,5-2023,13-05-2023,2023,5,13,346.5,88,31.1,POINT (79.24 23.23),Noradehi WLS,2,41.4,22.7,32.3,0,0,13.7,24.8,16
3,23.25,79.15,521,5-2023,13-05-2023,2023,5,13,344.7,86,26.5,POINT (79.15 23.25),Noradehi WLS,1,39.9,21.9,31.6,0,0,14.6,27.4,27
4,24.58,79.98,479,5-2023,13-05-2023,2023,5,13,359.5,99,60.2,POINT (79.98 24.58),Panna,0,38.1,22.5,30.3,0,0,10.6,25.6,319
5,24.58,79.99,462,5-2023,13-05-2023,2023,5,13,343.2,84,24.2,POINT (79.99 24.58),Panna,0,38.2,22.6,30.4,0,0,10.6,25.6,319
6,24.59,79.98,482,5-2023,13-05-2023,2023,5,13,342.6,84,24.2,POINT (79.98 24.59),Panna,0,38.1,22.5,30.3,0,0,10.6,25.6,319
7,24.6,79.96,365,5-2023,13-05-2023,2023,5,13,313.1,84,10.4,POINT (79.96 24.6),Panna,0,38.8,23.2,31,0,0,10.6,25.6,319
8,24.6,79.97,418,5-2023,13-05-2023,2023,5,13,323.1,100,22.1,POINT (79.97 24.6),Panna,0,38.5,22.9,30.7,0,0,10.6,25.6,319
9,23.79,81.05,457,5-2023,11-05-2023,2023,5,11,343.6,85,44.3,POINT (81.05 23.79),Bandhavgarh Tiger Reserve,0,38.1,22,30.6,0,0,13.7,30.2,286
10,23.79,81.05,457,5-2023,11-05-2023,2023,5,11,343.6,85,44.3,POINT (81.05 23.79),Panpatha WLS,0,38.1,22,30.6,0,0,13.7,30.2,286
11,24.59,82.63,307,5-2023,10-05-2023,2023,5,10,351.4,93,75.2,POINT (82.63 24.59),Bagdara WLS,0,38.1,22,30,0,0,7.8,18.4,124
12,23.14,79.14,419,4-2023,19-04-2023,2023,4,19,312.4,85,8.5,POINT (79.14 23.14),Noradehi WLS,51,39.2,26.7,32.2,0.2,0,12.6,24.5,48
13,23.14,79.15,575,4-2023,19-04-2023,2023,4,19,317.4,95,12.9,POINT (79.15 23.14),Noradehi WLS,51,38.6,27,31.8,0.3,0,12.9,24.8,38
14,25.66,78.16,585,4-2023,18-04-2023,2023,4,18,342.6,84,28.8,POINT (78.16 25.66),Karera WLS,2,37.3,24.4,30.7,0,0,9,18.4,77
15,25.66,78.17,229,4-2023,18-04-2023,2023,4,18,363.5,100,78.8,POINT (78.17 25.66),Karera WLS,1,40.7,25.5,32.5,0,0,10.1,13.3,116
16,22.94,77.81,229,4-2023,18-04-2023,2023,4,18,344.8,89,33.2,POINT (77.81 22.94),Ratapani WLS,1,40.7,25.5,32.5,0,0,10.1,13.3,116
17,23.09,77.94,363,4-2023,14-04-2023,2023,4,14,321.6,100,20.9,POINT (77.94 23.09),Ratapani WLS,1,37.4,24.1,30.4,0,0,10.5,25.2,60
18,23.84,81.06,425,4-2023,13-04-2023,2023,4,13,340.3,84,46.4,POINT (81.06 23.84),Bandhavgarh Tiger Reserve,1,38.2,22.3,31,0,0,8,19.4,67
19,23.84,81.06,425,4-2023,13-04-2023,2023,4,13,340.3,84,46.4,POINT (81.06 23.84),Panpatha WLS,1,38.2,22.3,31,0,0,8,19.4,67
20,23.46,79.3,399,4-2023,11-04-2023,2023,4,11,352.6,95,109,POINT (79.3 23.46),Noradehi WLS,0,36.5,20.1,28.4,0,0,12.5,25.9,39
21,23.46,79.32,371,4-2023,11-04-2023,2023,4,11,342.4,85,58.4,POINT (79.32 23.46),Noradehi WLS,0,36.7,20.2,28.6,0,0,12.5,25.9,39
22,23.56,79.74,403,4-2023,11-04-2023,2023,4,11,339.7,83,63.1,POINT (79.74 23.56),Veerangana Durgawati WLS,0,35.8,21.1,28.9,0,0,11.1,26.3,64
23,24.54,79.92,476,3-2023,14-03-2023,2023,3,14,352.4,96,144.3,POINT (79.92 24.54),Panna,53,31.3,17.7,23.6,0.7,0,12.6,28.4,287
24,24.56,79.92,439,3-2023,14-03-2023,2023,3,14,334.8,83,60.2,POINT (79.92 24.56),Panna,53,31,17.9,23.6,0.7,0,13.1,28.4,280
25,22.81,77.74,511,3-2023,12-03-2023,2023,3,12,311.8,83,12.8,POINT (77.74 22.81),Ratapani WLS,1,31.8,19.4,25,0,12.8,12.6,33.8,304
26,22.43,80.53,480,3-2023,11-03-2023,2023,3,11,336,83,26.5,POINT (80.53 22.43),Kanha,0,32.6,16.4,24.6,0,2.2,14.7,32,117
27,23.26,79.38,433,3-2023,05-03-2023,2023,3,5,338,89,144.5,POINT (79.38 23.26),Noradehi WLS,53,33,19.2,25.3,0.5,0,8.9,21.6,329
28,23.26,79.39,433,3-2023,05-03-2023,2023,3,5,342.5,91,177.9,POINT (79.39 23.26),Noradehi WLS,53,33,19,25.3,0.7,0,8.7,20.2,343
29,23.26,79.41,455,3-2023,05-03-2023,2023,3,5,343.5,92,186.6,POINT (79.41 23.26),Noradehi WLS,53,32.8,18.9,25.1,0.7,0,8.7,20.2,343
30,23.26,79.42,459,3-2023,05-03-2023,2023,3,5,334,86,110.2,POINT (79.42 23.26),Noradehi WLS,53,32.8,18.9,25.1,0.7,0,8.7,20.2,343
31,22.86,77.62,424,2-2023,25-02-2023,2023,2,25,331.5,80,29.5,POINT (77.62 22.86),Ratapani WLS,0,31.6,16.5,24.8,0,3.5,11.2,23.8,226
32,22.86,77.66,488,2-2023,24-02-2023,2023,2,24,335.1,86,48.9,POINT (77.66 22.86),Ratapani WLS,0,30.7,15.3,23.5,0,2.6,9.8,23.8,285
33,22.86,77.67,518,2-2023,24-02-2023,2023,2,24,330,82,34.8,POINT (77.67 22.86),Ratapani WLS,0,30.5,15.1,23.3,0,2.6,9.8,23.8,285
34,23.24,79.46,478,2-2023,21-02-2023,2023,2,21,329.9,80,26.4,POINT (79.46 23.24),Noradehi WLS,1,33.2,14.9,24.7,0,0.2,13.8,29.2,131
35,23.06,77.84,474,2-2023,16-02-2023,2023,2,16,334.4,84,24.1,POINT (77.84 23.06),Ratapani WLS,0,29.8,13.5,21,0,10.4,9,21.6,285
36,22.24,81.02,739,2-2023,13-02-2023,2023,2,13,337.7,88,81.8,POINT (81.02 22.24),Kanha,0,24.7,12.9,17.9,0,8.4,7.2,27.7,354
37,25.74,77.2,381,2-2023,09-02-2023,2023,2,9,337.2,88,34.5,POINT (77.2 25.74),Kuno WLS,0,25.9,11.8,19.7,0,4.9,19.8,43.6,212
38,25.74,77.21,277,2-2023,09-02-2023,2023,2,9,339.4,90,38.2,POINT (77.21 25.74),Kuno WLS,0,28.7,11,19.1,0,19.9,17.3,35.6,321
39,25.75,77.21,243,2-2023,09-02-2023,2023,2,9,331.8,84,26.6,POINT (77.21 25.75),Kuno WLS,0,28.6,10.1,19,0,17.9,16.7,35.6,320
40,24.66,80.02,248,2-2023,09-02-2023,2023,2,9,332.6,80,24.9,POINT (80.02 24.66),Panna,0,28.6,10.1,19,0,17.9,16.7,35.6,320
41,22.99,77.4,519,2-2023,07-02-2023,2023,2,7,331.8,83,22,POINT (77.4 22.99),Ratapani WLS,0,26.8,15.7,20.1,0,29.9,13.2,28.8,302
42,23.27,79.4,454,2-2023,04-02-2023,2023,2,4,328.7,82,26.8,POINT (79.4 23.27),Noradehi WLS,0,26.2,10.9,17.8,0,5.9,8.4,18.4,173
43,23.28,79.4,463,2-2023,04-02-2023,2023,2,4,331.9,81,32.1,POINT (79.4 23.28),Noradehi WLS,0,26.1,10.9,17.8,0,5.9,8.4,18.4,173
44,23.28,79.41,474,2-2023,04-02-2023,2023,2,4,329.4,82,27.6,POINT (79.41 23.28),Noradehi WLS,0,26,10.8,17.7,0,5.9,8.4,18.4,173
45,22.86,76.8,551,1-2023,29-01-2023,2023,1,29,325.6,82,24.9,POINT (76.8 22.86),Kheoni WLS,0,27,16,21,0,9.2,10.8,25.2,354
46,25.72,77.21,245,1-2023,19-01-2023,2023,1,19,334.3,88,45.7,POINT (77.21 25.72),Kuno WLS,1,21.5,5.9,13,0,0,11.6,28.1,225
47,25.71,77.23,286,1-2023,17-01-2023,2023,1,17,355.1,98,71.4,POINT (77.23 25.71),Kuno WLS,0,18.3,6.1,10.9,0,0,17.8,40,243
48,25.71,77.24,319,1-2023,17-01-2023,2023,1,17,351.5,96,62.9,POINT (77.24 25.71),Kuno WLS,0,18.1,5.9,10.7,0,0,17.8,40,243
49,24.64,82.6,285,6-2022,06-06-2022,2022,6,6,313.7,82,8.2,POINT (82.6 24.64),Bagdara WLS,2,42.6,29,36.1,0,0,14.9,33.8,300
50,22.32,80.55,583,5-2022,20-05-2022,2022,5,20,343.6,85,29.5,POINT (80.55 22.32),Kanha,1,40.6,27,33.3,0,0,9.2,22.3,28
51,23.62,80.95,474,5-2022,18-05-2022,2022,5,18,319,98,13.7,POINT (80.95 23.62),Bandhavgarh Tiger Reserve,2,41.8,27.8,35.5,0,0,9.8,18,61
52,24.66,80,420,5-2022,18-05-2022,2022,5,18,342.7,84,29.9,POINT (80 24.66),Panna,1,41.3,27.7,34.9,0,0,10.5,20.2,59
53,24.66,80.02,381,5-2022,18-05-2022,2022,5,18,357.4,98,72.7,POINT (80.02 24.66),Panna,1,41.5,27.9,35.2,0,0,10.5,20.2,59
54,22.57,78.47,424,5-2022,16-05-2022,2022,5,16,339.1,80,32.4,POINT (78.47 22.57),Pachmarhi WLS/Tiger Reserve,2,41.3,30.1,35.5,0,0,12,20.2,135
55,23.43,79.26,432,5-2022,09-05-2022,2022,5,9,354.6,96,69.9,POINT (79.26 23.43),Noradehi WLS,2,42.1,26,34.5,0,1.1,9.9,19.4,25
56,23.43,79.27,438,5-2022,09-05-2022,2022,5,9,345,84,36.2,POINT (79.27 23.43),Noradehi WLS,2,42,26,34.4,0,1.1,9.9,19.4,25
57,23.44,79.24,419,5-2022,09-05-2022,2022,5,9,346.2,83,43.4,POINT (79.24 23.44),Noradehi WLS,2,42.5,26.9,34.8,0,1,10,20.9,29
58,23.44,79.26,422,5-2022,09-05-2022,2022,5,9,359.9,99,93.5,POINT (79.26 23.44),Noradehi WLS,2,42.2,26.1,34.5,0,1.1,9.9,19.4,25
59,24.58,79.98,479,5-2022,08-05-2022,2022,5,8,371.4,100,236.3,POINT (79.98 24.58),Panna,2,40,26.5,32.9,0,8.3,11.3,25.9,39
60,23.46,79.21,406,5-2022,06-05-2022,2022,5,6,349.1,91,52.2,POINT (79.21 23.46),Noradehi WLS,2,40.8,25.9,33.5,0,0.4,5.2,14.4,33
61,22.36,80.67,787,5-2022,02-05-2022,2022,5,2,339,81,31.2,POINT (80.67 22.36),Kanha,1,39.2,24.2,31.9,0,0,11.7,20.5,60
62,24.68,80.04,255,5-2022,01-05-2022,2022,5,1,313.3,85,8.7,POINT (80.04 24.68),Panna,0,41.9,27.7,35,0,0,8,19.1,128
63,24.69,80.04,312,5-2022,01-05-2022,2022,5,1,314.7,88,9.5,POINT (80.04 24.69),Panna,0,41,28.4,34.5,0,0,8.9,21.2,43
64,24.7,80.04,426,5-2022,01-05-2022,2022,5,1,312.3,82,7.4,POINT (80.04 24.7),Panna,0,40.3,27.7,33.8,0,0,8.9,21.2,43
65,23.57,79.29,382,4-2022,30-04-2022,2022,4,30,344,85,22.2,POINT (79.29 23.57),Noradehi WLS,2,42.3,29.9,36,0,0,9.1,15.5,193
66,22.32,80.49,480,4-2022,29-04-2022,2022,4,29,339.8,81,34.4,POINT (80.49 22.32),Kanha,2,42.1,26.9,34.3,0,0,10.4,23.4,119
67,22.86,77.7,578,4-2022,29-04-2022,2022,4,29,340.6,81,54,POINT (77.7 22.86),Ratapani WLS,2,40.8,29,34.6,0,0,9.2,18,100
68,25.61,78.04,422,4-2022,28-04-2022,2022,4,28,347.4,89,34.2,POINT (78.04 25.61),Karera WLS,1,42.8,24.6,34.9,0,0,10.2,12.2,245
69,23.51,79.3,421,4-2022,28-04-2022,2022,4,28,353.3,95,51.6,POINT (79.3 23.51),Noradehi WLS,1,42.5,25.6,35.1,0,0,9.4,15.8,299
70,23.65,79.29,372,4-2022,28-04-2022,2022,4,28,348.3,90,39.4,POINT (79.29 23.65),Noradehi WLS,0,41.3,26.6,34.1,0,0,8.7,20.9,104
71,24.67,80.08,404,4-2022,28-04-2022,2022,4,28,340.6,81,163,POINT (80.08 24.67),Panna (Gangau) WLS,0,41.5,25.4,33.6,0,0,9.4,22,114
72,24.69,80.08,250,4-2022,28-04-2022,2022,4,28,343.4,85,198.8,POINT (80.08 24.69),Panna (Gangau) WLS,0,43.6,26.2,35.6,0,0,9.1,14,194
73,23.66,80.98,450,4-2022,27-04-2022,2022,4,27,341.2,82,24.4,POINT (80.98 23.66),Bandhavgarh Tiger Reserve,1,40.8,28.3,34.1,0,0,11.3,22,60
74,23.53,79.31,412,4-2022,27-04-2022,2022,4,27,349.5,91,31,POINT (79.31 23.53),Noradehi WLS,0,42,24.2,33.8,0,0,8.7,18.7,16
75,23.54,79.32,384,4-2022,27-04-2022,2022,4,27,356,97,47.1,POINT (79.32 23.54),Noradehi WLS,0,42.2,24.4,34,0,0,8.7,18.7,16
76,23.64,79.27,409,4-2022,27-04-2022,2022,4,27,345.7,87,23.9,POINT (79.27 23.64),Noradehi WLS,0,42.2,24.4,34.2,0,0,10.3,20.2,2
77,23.64,79.28,403,4-2022,27-04-2022,2022,4,27,342,83,16.4,POINT (79.28 23.64),Noradehi WLS,0,42.2,24.5,34.3,0,0,10.3,20.2,2
78,22.86,77.5,498,4-2022,27-04-2022,2022,4,27,340.3,80,23.6,POINT (77.5 22.86),Ratapani WLS,0,41.4,25.9,34.3,0,0,8.9,22,360
79,23.34,79.14,372,4-2022,25-04-2022,2022,4,25,344.3,84,21.2,POINT (79.14 23.34),Noradehi WLS,1,40.8,28.2,34.2,0,0,10.2,21.6,51
80,23.35,79.13,442,4-2022,25-04-2022,2022,4,25,362.6,100,62.7,POINT (79.13 23.35),Noradehi WLS,1,41,24.4,33.6,0,0,11,21.2,45
81,23.35,79.14,432,4-2022,25-04-2022,2022,4,25,367.4,100,78.9,POINT (79.14 23.35),Noradehi WLS,1,41.1,24.4,33.6,0,0,11,21.2,45
82,23.54,79.37,440,4-2022,25-04-2022,2022,4,25,351.4,93,35.7,POINT (79.37 23.54),Noradehi WLS,1,41,24.4,33.6,0,0,11,21.2,45
83,23.56,79.36,372,4-2022,25-04-2022,2022,4,25,341.2,82,13.3,POINT (79.36 23.56),Noradehi WLS,1,41.8,23.9,33.4,0,0,10.7,21.2,23
84,23.56,79.37,409,4-2022,25-04-2022,2022,4,25,351.9,93,35,POINT (79.37 23.56),Noradehi WLS,1,41.3,23.4,33.1,0,0,10.5,20.5,22
85,23.56,79.38,392,4-2022,25-04-2022,2022,4,25,347.2,84,24.9,POINT (79.38 23.56),Noradehi WLS,1,41.4,23.5,33.2,0,0,10.5,20.5,22
86,22.85,77.52,396,4-2022,25-04-2022,2022,4,25,375.1,100,104.7,POINT (77.52 22.85),Ratapani WLS,1,41.3,23.5,33.2,0,0,10.5,20.5,22
87,23.52,79.32,428,4-2022,24-04-2022,2022,4,24,341.9,85,138.4,POINT (79.32 23.52),Noradehi WLS,2,41,24.4,32.9,0,0,9.4,23,11
88,22.91,77.5,485,4-2022,19-04-2022,2022,4,19,346.9,90,42.3,POINT (77.5 22.91),Ratapani WLS,1,39.9,26.4,33.1,0,0,14.1,27.4,82
89,22.91,77.51,555,4-2022,19-04-2022,2022,4,19,347.5,90,44.4,POINT (77.51 22.91),Ratapani WLS,2,39.6,26.5,32.7,0,0,13.4,28.1,81
90,22.23,80.93,715,4-2022,18-04-2022,2022,4,18,342.9,86,35,POINT (80.93 22.23),Kanha,2,39.2,25,32.2,0,0,11.9,22,109
91,25.51,77.84,551,4-2022,10-04-2022,2022,4,10,365,100,123.7,POINT (77.84 25.51),Madhav National Park,1,38.2,23.4,31,0,0,9.9,18,16
92,25.51,77.86,422,4-2022,10-04-2022,2022,4,10,349.2,92,65.7,POINT (77.86 25.51),Madhav National Park,0,40.5,27.6,33.1,0,8.3,16.1,32,74
93,22.7,74.87,387,4-2022,10-04-2022,2022,4,10,341.5,84,25.3,POINT (74.87 22.7),Sardarpur WLS,0,40.4,28.1,33.4,0,10.6,14.1,30.2,71
94,23.33,79.2,457,4-2022,05-04-2022,2022,4,5,340.3,81,22.5,POINT (79.2 23.33),Noradehi WLS,0,39.6,22.8,31.9,0,0,11.2,26.6,55
95,23.54,79.26,404,4-2022,02-04-2022,2022,4,2,340,85,74.1,POINT (79.26 23.54),Noradehi WLS,0,39.2,23.4,31.4,0,0,10.9,24.5,41
96,23.35,79.26,370,3-2022,31-03-2022,2022,3,31,347.7,89,45.9,POINT (79.26 23.35),Noradehi WLS,0,38.8,21.7,30.1,0,0,9.5,24.1,62
97,22.83,77.58,398,3-2022,31-03-2022,2022,3,31,353.3,95,47,POINT (77.58 22.83),Ratapani WLS,0,38.5,21.9,30.5,0,0,8.9,22.3,65
98,23.11,78.16,356,3-2022,31-03-2022,2022,3,31,345.2,87,32.4,POINT (78.16 23.11),Singhori WLS,0,38.8,22.2,30.7,0,0,8.9,22.3,65
99,23.12,78.17,453,3-2022,31-03-2022,2022,3,31,353.3,95,53.9,POINT (78.17 23.12),Singhori WLS,0,40,24.4,31.8,0,0,10,22.7,73
100,23.55,79.74,408,3-2022,31-03-2022,2022,3,31,340.6,83,29.6,POINT (79.74 23.55),Veerangana Durgawati WLS,0,39.7,28.4,33.6,0,0,11.1,22,66
101,23.55,79.76,421,3-2022,31-03-2022,2022,3,31,342.9,86,34.9,POINT (79.76 23.55),Veerangana Durgawati WLS,0,39.6,28.4,33.5,0,0,11.1,22,66
102,23.35,79.22,458,3-2022,30-03-2022,2022,3,30,343.9,87,93.3,POINT (79.22 23.35),Noradehi WLS,0,39.8,23.3,31.1,0,0,10.5,15.1,316
103,23.35,79.24,437,3-2022,30-03-2022,2022,3,30,350.1,93,131.2,POINT (79.24 23.35),Noradehi WLS,0,39.9,23.4,31.3,0,0,10.5,15.1,316
104,23.85,81.05,372,3-2022,29-03-2022,2022,3,29,350.05,93,215.35,POINT (81.05 23.85),Bandhavgarh Tiger Reserve,0,37.7,22.3,30.9,0,0,9.4,18.7,116
105,23.86,81.05,485,3-2022,29-03-2022,2022,3,29,342.7,86,144.3,POINT (81.05 23.86),Bandhavgarh Tiger Reserve,0,37.4,23.5,30.5,0,0,9.1,17.6,55
106,23.89,81.1,375,3-2022,29-03-2022,2022,3,29,348.5,92,41.7,POINT (81.1 23.89),Bandhavgarh Tiger Reserve,0,38.1,24.2,31.2,0,0,9.1,17.6,55
107,23.35,79.2,472,3-2022,29-03-2022,2022,3,29,363,100,216.5,POINT (79.2 23.35),Noradehi WLS,0,37.5,23.6,30.6,0,0,9.1,17.6,55
108,23.36,79.2,449,3-2022,29-03-2022,2022,3,29,339.1,81,56.8,POINT (79.2 23.36),Noradehi WLS,0,38,24.1,31.1,0,0,9.8,19.1,117
109,23.37,79.2,452,3-2022,29-03-2022,2022,3,29,343.3,87,27.7,POINT (79.2 23.37),Noradehi WLS,0,39.9,22.7,30.8,0,0,11,19.8,272
110,23.85,81.05,457,3-2022,29-03-2022,2022,3,29,350.05,93,215.35,POINT (81.05 23.85),Panpatha WLS,0,39.9,22.7,30.8,0,0,11,19.8,272
111,23.86,81.05,424,3-2022,29-03-2022,2022,3,29,342.7,86,144.3,POINT (81.05 23.86),Panpatha WLS,0,40.1,22.9,31,0,0,11,19.8,272
112,23.89,81.1,428,3-2022,29-03-2022,2022,3,29,348.5,92,41.7,POINT (81.1 23.89),Panpatha WLS,1,37.7,21.5,30.1,0,0,9.6,22.3,249
113,22.85,77.52,428,3-2022,29-03-2022,2022,3,29,338.7,82,23,POINT (77.52 22.85),Ratapani WLS,1,37.7,21.5,30.1,0,0,9.6,22.3,249
114,22.85,77.72,418,3-2022,29-03-2022,2022,3,29,312.6,85,8.8,POINT (77.72 22.85),Ratapani WLS,1,37.7,21.5,30.1,0,0,9.6,22.3,249
115,22.86,77.72,418,3-2022,29-03-2022,2022,3,29,312.6,84,9.1,POINT (77.72 22.86),Ratapani WLS,1,37.7,21.5,30.1,0,0,9.6,22.3,249
116,22.88,77.7,397,3-2022,29-03-2022,2022,3,29,340.6,84,25.6,POINT (77.7 22.88),Ratapani WLS,1,38.4,20.5,29.9,0,0,9.2,20.2,224
117,22.93,77.43,397,3-2022,29-03-2022,2022,3,29,342.1,84,36.5,POINT (77.43 22.93),Ratapani WLS,1,38.4,20.5,29.9,0,0,9.2,20.2,224
118,23.68,80.85,548,3-2022,28-03-2022,2022,3,28,349.2,92,48.2,POINT (80.85 23.68),Bandhavgarh Tiger Reserve,0,37.5,22.4,30.2,0,0,14.8,32,17
119,23.81,81.01,497,3-2022,28-03-2022,2022,3,28,358,98,72.1,POINT (81.01 23.81),Bandhavgarh Tiger Reserve,0,37.9,22.7,30.6,0,0,14.8,32,17
120,23.81,81.02,404,3-2022,28-03-2022,2022,3,28,361.1,100,82,POINT (81.02 23.81),Bandhavgarh Tiger Reserve,0,37.8,20.4,28.9,0,0,12.4,28.8,8
121,23.83,81.06,496,3-2022,28-03-2022,2022,3,28,383.3,100,172.4,POINT (81.06 23.83),Bandhavgarh Tiger Reserve,0,37.2,19.8,28.3,0,0,12.4,28.8,8
122,23.87,81.07,433,3-2022,28-03-2022,2022,3,28,358.4,99,71.8,POINT (81.07 23.87),Bandhavgarh Tiger Reserve,0,37.3,19.8,29,0,0,10.5,23.4,346
123,23.91,81.09,456,3-2022,28-03-2022,2022,3,28,349.6,92,48.9,POINT (81.09 23.91),Bandhavgarh Tiger Reserve,0,37.9,20.8,30.3,0,0,10.1,22.3,344
124,23.81,81.01,456,3-2022,28-03-2022,2022,3,28,358,98,72.1,POINT (81.01 23.81),Panpatha WLS,0,37.9,20.8,30.3,0,0,10.1,22.3,344
125,23.81,81.02,460,3-2022,28-03-2022,2022,3,28,361.1,100,82,POINT (81.02 23.81),Panpatha WLS,0,37.9,20.8,30.2,0,0,10.1,22.3,344
126,23.83,81.06,460,3-2022,28-03-2022,2022,3,28,383.3,100,172.4,POINT (81.06 23.83),Panpatha WLS,0,37.9,20.8,30.2,0,0,10.1,22.3,344
127,23.87,81.07,416,3-2022,28-03-2022,2022,3,28,358.4,99,71.8,POINT (81.07 23.87),Panpatha WLS,0,38.1,21.1,30.5,0,0,10.1,22.3,344
128,23.91,81.09,416,3-2022,28-03-2022,2022,3,28,349.6,92,48.9,POINT (81.09 23.91),Panpatha WLS,0,38.1,21.1,30.5,0,0,10.1,22.3,344
129,22.92,77.48,431,3-2022,28-03-2022,2022,3,28,340.7,83,56.5,POINT (77.48 22.92),Ratapani WLS,0,36.8,19.8,29.1,0,0,10.4,19.4,338
130,22.92,77.49,431,3-2022,28-03-2022,2022,3,28,339.7,82,54.7,POINT (77.49 22.92),Ratapani WLS,0,36.8,19.8,29.1,0,0,10.4,19.4,338
131,23.13,78.13,428,3-2022,28-03-2022,2022,3,28,310.9,81,11.1,POINT (78.13 23.13),Singhori WLS,0,37.7,19.1,29,0,0,9.2,17.6,326
132,23.13,78.14,428,3-2022,28-03-2022,2022,3,28,346.4,89,65,POINT (78.14 23.13),Singhori WLS,0,37.7,19.1,29,0,0,9.2,17.6,326
133,22.82,76.88,485,3-2022,27-03-2022,2022,3,27,316.8,94,18.4,POINT (76.88 22.82),Kheoni WLS,0,37.6,20.7,28.9,0,0,13.7,25.9,19
134,22.88,77.48,437,3-2022,27-03-2022,2022,3,27,340.8,84.5,24.75,POINT (77.48 22.88),Ratapani WLS,0,37.1,20.6,29.5,0,0,13.7,25.6,29
135,22.98,77.46,498,3-2022,27-03-2022,2022,3,27,340.9,85,28,POINT (77.46 22.98),Ratapani WLS,0,37.4,19.3,28.8,0,0,10.8,23.4,26
136,23.53,79.25,390,3-2022,26-03-2022,2022,3,26,349.6,92,38.1,POINT (79.25 23.53),Noradehi WLS,2,38.4,22.8,30.8,0,0,11.2,23.8,21
137,23.62,79.31,436,3-2022,26-03-2022,2022,3,26,346.2,89,30.3,POINT (79.31 23.62),Noradehi WLS,2,38.1,22.5,30.5,0,0,11.2,23.8,21
138,23.63,79.31,468,3-2022,26-03-2022,2022,3,26,340.1,82,20.1,POINT (79.31 23.63),Noradehi WLS,2,37.1,22.9,29.9,0,0,13.6,25.2,17
139,22.83,77.64,472,3-2022,26-03-2022,2022,3,26,348.2,91,44.5,POINT (77.64 22.83),Ratapani WLS,2,37.6,22.1,30.1,0,0,13,24.5,7
140,22.84,77.64,496,3-2022,26-03-2022,2022,3,26,357.4,98,71.1,POINT (77.64 22.84),Ratapani WLS,2,35.7,21.8,29.3,0,0,11.2,24.5,6
141,22.86,77.65,539,3-2022,26-03-2022,2022,3,26,339.8,83,23.8,POINT (77.65 22.86),Ratapani WLS,2,35.7,22,29.1,0,0,10.8,24.5,8
142,22.88,77.7,414,3-2022,26-03-2022,2022,3,26,348.1,91,44.9,POINT (77.7 22.88),Ratapani WLS,2,37.8,23.4,30.3,0,0,10.8,25.9,353
143,23.2,78.17,386,3-2022,26-03-2022,2022,3,26,340.5,82,25.5,POINT (78.17 23.2),Singhori WLS,2,37.9,23.4,30.5,0,0,11.9,25.2,349
144,23.27,78.22,409,3-2022,26-03-2022,2022,3,26,344.2,87,32.2,POINT (78.22 23.27),Singhori WLS,2,37.5,23,30,0,0,11.2,23.4,346
145,22.85,76.9,437,3-2022,25-03-2022,2022,3,25,354.7,97,79.3,POINT (76.9 22.85),Kheoni WLS,2,36.4,24.6,30.6,0,0,13.4,24.8,17
146,23.14,79.29,339,3-2022,24-03-2022,2022,3,24,341.2,86,28.6,POINT (79.29 23.14),Noradehi WLS,2,36.8,24.4,30.3,0,0,12.5,22.7,38
147,22.87,77.43,378,3-2022,24-03-2022,2022,3,24,338.2,81,17.5,POINT (77.43 22.87),Ratapani WLS,2,36.6,24.1,30.1,0,0,12.5,22.7,38
148,22.89,77.44,507,3-2022,24-03-2022,2022,3,24,345.7,89,32.3,POINT (77.44 22.89),Ratapani WLS,2,35.7,22.4,29.3,0,0,11.6,22.3,30
149,22.93,77.6,552,3-2022,24-03-2022,2022,3,24,339.3,82,22.8,POINT (77.6 22.93),Ratapani WLS,2,34.6,22.7,28.7,0,0,9.4,24.1,34
150,22.94,77.75,371,3-2022,24-03-2022,2022,3,24,339.2,82,22.2,POINT (77.75 22.94),Ratapani WLS,2,36.7,23.1,30.3,0,0,9.4,23,41
151,23.12,78.12,537,3-2022,24-03-2022,2022,3,24,339.8,83,24.1,POINT (78.12 23.12),Singhori WLS,2,37.6,23,30.7,0,0,12.2,27.4,35
152,23.18,79.32,528,3-2022,22-03-2022,2022,3,22,348.2,92,77.5,POINT (79.32 23.18),Noradehi WLS,0,35,21.3,28.6,0,0,10.1,21.2,358
153,22.85,77.67,488,3-2022,22-03-2022,2022,3,22,350.7,93,62.5,POINT (77.67 22.85),Ratapani WLS,0,35.3,21.6,28.9,0,0,10.1,21.2,358
154,22.86,77.66,446,3-2022,22-03-2022,2022,3,22,338.9,81,29,POINT (77.66 22.86),Ratapani WLS,2,36.7,20.7,29.4,0,0,12.8,23.8,15
155,22.88,77.41,509,3-2022,22-03-2022,2022,3,22,312.4,85,10.5,POINT (77.41 22.88),Ratapani WLS,1,35.1,20.7,28.7,0,0,11.5,21.2,32
156,22.91,77.63,519,3-2022,22-03-2022,2022,3,22,338.1,80,27.9,POINT (77.63 22.91),Ratapani WLS,0,36.4,21,28.9,0,0,7.8,16.2,105
157,22.83,77.62,610,3-2022,21-03-2022,2022,3,21,336.9,83,69.2,POINT (77.62 22.83),Ratapani WLS,2,35.6,20.7,27.8,0,0,10.8,22.3,19
158,22.95,77.79,569,3-2022,21-03-2022,2022,3,21,313.3,87,10.7,POINT (77.79 22.95),Ratapani WLS,2,35.6,22.4,28.2,0,0,9.9,16.9,315
159,22.8,76.77,462,3-2022,20-03-2022,2022,3,20,339.4,85,21.7,POINT (76.77 22.8),Kheoni WLS,2,37.5,23.3,29.8,0,0,17.8,33.8,331
160,22.83,76.8,454,3-2022,20-03-2022,2022,3,20,315.2,91,11.8,POINT (76.8 22.83),Kheoni WLS,2,37.6,23.4,29.8,0,0,17.8,33.8,331
161,22.84,76.81,459,3-2022,20-03-2022,2022,3,20,338.5,84,21.1,POINT (76.81 22.84),Kheoni WLS,2,37.5,23.3,29.8,0,0,17.8,33.8,331
162,22.89,77.38,375,3-2022,20-03-2022,2022,3,20,334.7,80,16.9,POINT (77.38 22.89),Ratapani WLS,2,37.9,21.2,29.4,0,0,11.3,22.3,315
163,23.26,78.17,511,3-2022,20-03-2022,2022,3,20,337.1,83,75.2,POINT (78.17 23.26),Singhori WLS,2,35.3,22,28.7,0,0,12.7,24.8,289
164,22.86,76.87,504,3-2022,19-03-2022,2022,3,19,311.8,83,13.1,POINT (76.87 22.86),Kheoni WLS,1,35.6,21.6,28.9,0,0,13.6,27.4,295
165,22.86,77.46,457,3-2022,18-03-2022,2022,3,18,336.6,82,25.1,POINT (77.46 22.86),Ratapani WLS,0,36.8,21,29.4,0,0,8.5,15.1,253
166,22.77,77.56,316,3-2022,17-03-2022,2022,3,17,348.8,92,39.5,POINT (77.56 22.77),Ratapani WLS,1,39.3,20.5,30.3,0,0,6.6,19.8,312
167,22.85,77.45,461,3-2022,17-03-2022,2022,3,17,340.4,83,23.3,POINT (77.45 22.85),Ratapani WLS,1,37.4,21.3,29.2,0,0,7.1,17.6,329
168,22.85,77.46,424,3-2022,17-03-2022,2022,3,17,338.9,82,20.5,POINT (77.46 22.85),Ratapani WLS,1,37.6,21.5,29.4,0,0,7.1,17.6,329
169,22.87,77.54,607,3-2022,17-03-2022,2022,3,17,337.5,80,17.8,POINT (77.54 22.87),Ratapani WLS,1,35.8,19.7,28.3,0,0,8.5,19.8,299
170,22.9,77.72,492,3-2022,17-03-2022,2022,3,17,344.1,87,29.3,POINT (77.72 22.9),Ratapani WLS,1,36.7,21.4,29.2,0,0,9.1,20.2,295
171,22.91,77.72,506,3-2022,17-03-2022,2022,3,17,348.5,91,39.5,POINT (77.72 22.91),Ratapani WLS,1,36.6,21.3,29.1,0,0,9.1,20.2,295
172,22.97,77.43,478,3-2022,17-03-2022,2022,3,17,346.9,90,35.2,POINT (77.43 22.97),Ratapani WLS,1,37.4,21.5,29.4,0,0,8.2,17.6,299
173,22.91,77.72,506,3-2022,16-03-2022,2022,3,16,311.8,83,12.3,POINT (77.72 22.91),Ratapani WLS,1,36.1,20,28.5,0,0,9.2,16.9,58
174,22.92,77.71,534,3-2022,16-03-2022,2022,3,16,317.9,96,20,POINT (77.71 22.92),Ratapani WLS,1,36.1,19.3,27.9,0,0,10.9,16.6,119
175,25.57,77.8,423,3-2022,15-03-2022,2022,3,15,359.5,99,88,POINT (77.8 25.57),Madhav National Park,1,36.4,19,27.9,0,0,10.7,27,96
176,25.57,77.81,405,3-2022,15-03-2022,2022,3,15,344.2,89,43.7,POINT (77.81 25.57),Madhav National Park,1,36.5,19.1,28,0,0,10.7,27,96
177,24.57,82.45,388,3-2022,12-03-2022,2022,3,12,337.1,84,21.9,POINT (82.45 24.57),Bagdara WLS,0,31.2,16.6,23.7,0,0,9.7,23.8,55
178,22.89,76.89,533,3-2022,06-03-2022,2022,3,6,343.2,86.5,38.55,POINT (76.89 22.89),Kheoni WLS,0,30.8,16.5,23.1,0,0.3,11.2,26.3,70
179,22.85,77.68,518,2-2022,22-02-2022,2022,2,22,331.9,82,21.2,POINT (77.68 22.85),Ratapani WLS,0,29.5,15.4,23.4,0,0.4,10.1,22.3,322
180,22.85,77.7,557,2-2022,22-02-2022,2022,2,22,331.5,81,21.2,POINT (77.7 22.85),Ratapani WLS,0,29.3,15.7,23,0,0.2,9.7,23.4,324
181,25.89,77.14,600,2-2022,06-02-2022,2022,2,6,329.3,83,26.1,POINT (77.14 25.89),Kuno WLS,0,24,10.2,16.2,0,4.3,11.3,24.8,267
182,25.9,77.15,220,2-2022,06-02-2022,2022,2,6,339.2,90,41.8,POINT (77.15 25.9),Kuno WLS,0,23.6,7.5,14.5,0,0,9.7,23,252
183,22.82,77.6,216,2-2022,06-02-2022,2022,2,6,331.6,84,27,POINT (77.6 22.82),Ratapani WLS,0,23.6,7.5,14.5,0,0,9.7,23,252
184,22.14,80.88,767,2-2022,04-02-2022,2022,2,4,330.4,85,45.6,POINT (80.88 22.14),Kanha,1,21.6,11.7,16.5,0,10.5,7.3,22.7,102
185,22.14,80.9,842,2-2022,04-02-2022,2022,2,4,330.4,85,45.8,POINT (80.9 22.14),Kanha,1,21,11.4,16.1,0,9.2,7.2,25.2,88
186,22.9,77.48,472,2-2022,02-02-2022,2022,2,2,346.2,93,78,POINT (77.48 22.9),Ratapani WLS,0,26.6,15.3,20.4,0,12.9,10.9,24.8,252
187,22.9,77.5,522,2-2022,02-02-2022,2022,2,2,333.7,85,44.3,POINT (77.5 22.9),Ratapani WLS,0,26.3,15,20,0,12.9,10.9,24.8,252
188,23.57,79.27,381,2-2022,01-02-2022,2022,2,1,327,81,32.2,POINT (79.27 23.57),Noradehi WLS,0,27.5,10.5,18.5,0,1.8,10.9,31.3,239
189,22.17,80.94,729,1-2022,28-01-2022,2022,1,28,327.5,83,31.7,POINT (80.94 22.17),Kanha,0,20,6.5,12.5,0,2.5,8.3,28.1,262
190,23.26,79.22,493,5-2021,07-05-2021,2021,5,7,327.8,100,22.8,POINT (79.22 23.26),Noradehi WLS,1,39.2,27.5,33.1,0,0.5,14.8,28.8,14
191,23.27,79.23,475,5-2021,07-05-2021,2021,5,7,318.3,96,12.7,POINT (79.23 23.27),Noradehi WLS,1,39.6,27.7,33.3,0,0.4,13.9,26.3,21
192,22.64,78.26,385,5-2021,06-05-2021,2021,5,6,340.3,81,37.2,POINT (78.26 22.64),Pachmarhi WLS/Tiger Reserve,1,39.6,29.4,34,0,2.6,14.7,35.3,219
193,23.26,79.23,479,5-2021,04-05-2021,2021,5,4,345,87,26.7,POINT (79.23 23.26),Noradehi WLS,1,36.7,23.5,30.7,0,0,9.5,16.2,87
194,23.38,79.18,430,4-2021,30-04-2021,2021,4,30,314.9,89,12.1,POINT (79.18 23.38),Noradehi WLS,1,40.3,22.8,32.8,0,0,9.1,21.2,36
195,23.39,79.17,395,4-2021,30-04-2021,2021,4,30,316.2,92,12.9,POINT (79.17 23.39),Noradehi WLS,1,40.7,24.7,33.5,0,0,9.2,22.7,41
196,23.59,79.25,414,4-2021,30-04-2021,2021,4,30,319.7,99,15.4,POINT (79.25 23.59),Noradehi WLS,1,40.8,23.7,32.8,0,0,9.3,22.7,32
197,23.59,79.26,400,4-2021,30-04-2021,2021,4,30,321.2,100,17.2,POINT (79.26 23.59),Noradehi WLS,1,40.9,23.8,32.9,0,0,9.3,22.7,32
198,23.59,79.28,378,4-2021,30-04-2021,2021,4,30,322,100,18.4,POINT (79.28 23.59),Noradehi WLS,1,41,23.9,33.1,0,0,9.3,22.7,32
199,23.6,79.26,425,4-2021,30-04-2021,2021,4,30,313.6,87,9.1,POINT (79.26 23.6),Noradehi WLS,1,40.7,23.6,32.8,0,0,9.3,22.7,32
200,23.6,79.27,408,4-2021,30-04-2021,2021,4,30,311.5,82,7.9,POINT (79.27 23.6),Noradehi WLS,1,40.8,23.7,32.9,0,0,9.3,22.7,32
201,24.6,75.48,396,4-2021,29-04-2021,2021,4,29,347.8,90,27.2,POINT (75.48 24.6),Gandhi Sagar WLS,2,40.6,24.1,32.7,0,0,11.3,23.8,34
202,25.53,77.82,490,4-2021,29-04-2021,2021,4,29,344,85,65.5,POINT (77.82 25.53),Madhav National Park,1,39,25.4,32.6,0,0,11,24.5,41
203,23.44,79.18,447,4-2021,29-04-2021,2021,4,29,341.3,82,29.3,POINT (79.18 23.44),Noradehi WLS,1,40.8,25,33.9,0,0,9.5,17.3,36
204,24.53,79.82,478,4-2021,28-04-2021,2021,4,28,381.2,100,289.2,POINT (79.82 24.53),Panna,0,39.6,22.5,32.1,0,0,11.4,23,68
205,24.53,79.83,345,4-2021,28-04-2021,2021,4,28,311.6,82,8.5,POINT (79.83 24.53),Panna,0,40.5,23.4,33,0,0,11.4,23,68
206,24.54,79.82,409,4-2021,28-04-2021,2021,4,28,352.4,94,86.5,POINT (79.82 24.54),Panna,2,40.4,23.8,32.7,0,0,11.3,23.4,77
207,24.55,79.79,313,4-2021,28-04-2021,2021,4,28,311.5,81,9.2,POINT (79.79 24.55),Panna,2,41.1,24.5,33.3,0,0,11.3,23.4,77
208,24.55,79.8,415,4-2021,28-04-2021,2021,4,28,343.5,85,48,POINT (79.8 24.55),Panna,2,40.4,23.8,32.6,0,0,11.3,23.4,77
209,24.56,79.81,264,4-2021,28-04-2021,2021,4,28,316.3,92,13.6,POINT (79.81 24.56),Panna,2,41.4,24.8,33.6,0,0,11.3,23.4,77
210,24.61,80.12,458,4-2021,28-04-2021,2021,4,28,415,100,671.4,POINT (80.12 24.61),Panna,2,38.7,22.8,31.3,0,0,10.2,24.1,64
211,24.62,80.1,472,4-2021,28-04-2021,2021,4,28,370.2,100,186.2,POINT (80.1 24.62),Panna,2,38.6,22.7,31.3,0,0,10.2,24.1,64
212,24.62,80.11,482,4-2021,28-04-2021,2021,4,28,380.9,100,260.2,POINT (80.11 24.62),Panna,2,38.6,22.6,31.2,0,0,10.2,24.1,64
213,24.62,80.12,475,4-2021,28-04-2021,2021,4,28,383,100,278.6,POINT (80.12 24.62),Panna,2,38.6,22.6,31.2,0,0,10.2,24.1,64
214,24.62,80.13,453,4-2021,28-04-2021,2021,4,28,347.1,89,51.6,POINT (80.13 24.62),Panna,1,40,22.6,31.9,0,0,10.7,22.7,56
215,24.63,80.09,480,4-2021,28-04-2021,2021,4,28,351.5,93,80.3,POINT (80.09 24.63),Panna,2,38.6,22.6,31.2,0,0,10.2,24.1,64
216,24.63,80.1,478,4-2021,28-04-2021,2021,4,28,373.6,100,210,POINT (80.1 24.63),Panna,2,38.6,22.6,31.2,0,0,10.2,24.1,64
217,24.63,80.11,478,4-2021,28-04-2021,2021,4,28,370.3,100,182.8,POINT (80.11 24.63),Panna,2,38.6,22.6,31.2,0,0,10.2,24.1,64
218,24.63,80.12,462,4-2021,28-04-2021,2021,4,28,354.9,96,89.8,POINT (80.12 24.63),Panna,2,38.7,22.7,31.3,0,0,10.2,24.1,64
219,25.51,77.8,481,4-2021,26-04-2021,2021,4,26,344.3,86,41,POINT (77.8 25.51),Madhav National Park,1,38.1,24,31.3,0,0.1,13.8,31,44
220,23.39,79.24,420,4-2021,26-04-2021,2021,4,26,345.3,87,31.2,POINT (79.24 23.39),Noradehi WLS,1,38,21.4,30.2,0,0,12.2,26.6,30
221,23.63,79.29,385,4-2021,26-04-2021,2021,4,26,358.2,98,72.4,POINT (79.29 23.63),Noradehi WLS,1,37.9,21.2,30.3,0,0,9.9,23,32
222,23.63,79.31,409,4-2021,26-04-2021,2021,4,26,340.5,81,22.7,POINT (79.31 23.63),Noradehi WLS,1,37.7,21.1,30.2,0,0,9.9,23,32
223,22.89,77.53,412,4-2021,26-04-2021,2021,4,26,344.4,86,55.5,POINT (77.53 22.89),Ratapani WLS,1,38.5,22,31.1,0,0,9.4,16.9,321
224,25.48,77.78,383,4-2021,24-04-2021,2021,4,24,339.4,81,17.3,POINT (77.78 25.48),Madhav National Park,1,36,23.4,29.8,0,0.4,9,21.2,51
225,24.69,79.96,254,4-2021,23-04-2021,2021,4,23,310.8,81,9.5,POINT (79.96 24.69),Panna,1,38.2,22.3,31,0,0,7.9,20.5,36
226,25.61,78.11,405,4-2021,22-04-2021,2021,4,22,357.7,98,68.8,POINT (78.11 25.61),Karera WLS,0,35.5,21.6,28.8,0,0.2,12.4,26.3,45
227,25.62,78.1,416,4-2021,22-04-2021,2021,4,22,344.2,86,33.5,POINT (78.1 25.62),Karera WLS,0,35.4,21.5,28.7,0,0.2,12.4,26.3,45
228,25.48,77.79,236,4-2021,22-04-2021,2021,4,22,345.1,87,28.2,POINT (77.79 25.48),Madhav National Park,0,36.4,21.7,29.2,0,0,12.2,24.1,33
229,25.48,77.8,238,4-2021,22-04-2021,2021,4,22,340.3,80,18.6,POINT (77.8 25.48),Madhav National Park,0,36.4,21.7,29.2,0,0,12.2,24.1,33
230,22.38,80.6,563,4-2021,19-04-2021,2021,4,19,336.9,80,34.5,POINT (80.6 22.38),Kanha,1,36.9,23.1,30.1,0,0,11,20.2,115
231,25.66,78.16,229,4-2021,19-04-2021,2021,4,19,326.8,100,28.5,POINT (78.16 25.66),Karera WLS,1,39.4,22.4,31.8,0,0,9.5,22.3,97
232,25.66,78.17,229,4-2021,19-04-2021,2021,4,19,317.6,95,17.3,POINT (78.17 25.66),Karera WLS,1,39.4,22.4,31.8,0,0,9.5,22.3,97
233,23.59,80.98,555,4-2021,18-04-2021,2021,4,18,356.5,97,76.2,POINT (80.98 23.59),Bandhavgarh Tiger Reserve,1,36,23.9,30.4,0,0,12.9,28.8,76
234,22.91,77.51,492,4-2021,18-04-2021,2021,4,18,354.2,95,49,POINT (77.51 22.91),Ratapani WLS,1,36.5,24.4,30.7,0,0,12.9,28.8,76
235,22.91,77.52,486,4-2021,18-04-2021,2021,4,18,349.4,91,38.1,POINT (77.52 22.91),Ratapani WLS,1,36.4,24.3,30.8,0,0,12.9,28.8,76
236,22.91,77.58,505,4-2021,18-04-2021,2021,4,18,346.8,89,34.6,POINT (77.58 22.91),Ratapani WLS,0,35.7,24.2,30.3,0,0,10.7,18.7,73
237,24.67,75.44,422,4-2021,14-04-2021,2021,4,14,312.7,86,20.4,POINT (75.44 24.67),Gandhi Sagar WLS,3,36.4,24,30.2,0,0,9.5,24.8,100
238,25.44,77.88,369,4-2021,14-04-2021,2021,4,14,352.1,95,101.3,POINT (77.88 25.44),Madhav National Park,1,37.5,23.5,31.3,0,0,9.7,24.1,82
239,24.76,80.1,390,4-2021,14-04-2021,2021,4,14,318.7,81,16.1,POINT (80.1 24.76),Panna,3,38.8,23.2,31.6,0,0,9.7,18,94
240,25.41,77.88,484,4-2021,13-04-2021,2021,4,13,340.5,81,27.2,POINT (77.88 25.41),Madhav National Park,2,36.9,23.4,30.9,0,0,10,20.2,109
241,25.42,77.88,469,4-2021,13-04-2021,2021,4,13,343.9,85,37,POINT (77.88 25.42),Madhav National Park,2,37,23.5,31,0,0,10,20.2,109
242,25.43,77.88,441,4-2021,13-04-2021,2021,4,13,346.5,88,45.2,POINT (77.88 25.43),Madhav National Park,0,37.4,22.2,30.8,0,0,8.8,19.8,100
243,23.37,79.21,421,4-2021,13-04-2021,2021,4,13,370.5,100,164.4,POINT (79.21 23.37),Noradehi WLS,0,37.5,22.3,30.9,0,0,8.8,19.8,100
244,23.37,79.23,436,4-2021,13-04-2021,2021,4,13,353,94,76.2,POINT (79.23 23.37),Noradehi WLS,0,37.4,22.2,30.8,0,0,8.8,19.8,100
245,23.38,79.21,393,4-2021,13-04-2021,2021,4,13,359.6,99,106.3,POINT (79.21 23.38),Noradehi WLS,1,39,23.6,31.5,0,0,9.2,17.3,92
246,23.03,77.42,361,4-2021,13-04-2021,2021,4,13,344.45,85,31.1,POINT (77.42 23.03),Ratapani WLS,1,39.2,23.8,31.7,0,0,9.2,17.3,92
247,23.03,77.43,390,4-2021,13-04-2021,2021,4,13,345.7,87,33.9,POINT (77.43 23.03),Ratapani WLS,1,39,23.6,31.5,0,0,9.2,17.3,92
248,23.25,78.18,420,4-2021,11-04-2021,2021,4,11,335.8,82,20.2,POINT (78.18 23.25),Singhori WLS,53,35.1,23.9,28.3,0.6,0,9.3,18,352
249,22.11,80.92,768,4-2021,08-04-2021,2021,4,8,356.8,98,62.6,POINT (80.92 22.11),Kanha,1,35.8,23.4,30,0,0,9.4,24.5,94
250,23.22,79.2,495,4-2021,08-04-2021,2021,4,8,352.7,84,47.1,POINT (79.2 23.22),Noradehi WLS,1,37.6,23.8,31.2,0,0,11.5,25.9,39
251,23.23,79.41,455,4-2021,08-04-2021,2021,4,8,354.2,95,43.7,POINT (79.41 23.23),Noradehi WLS,1,38.3,23.5,30.9,0,0,9.1,22.7,28
252,23.24,79.4,445,4-2021,08-04-2021,2021,4,8,350.3,86,36.6,POINT (79.4 23.24),Noradehi WLS,1,38.4,23.6,31,0,0,9.1,22.7,28
253,23.24,79.41,441,4-2021,08-04-2021,2021,4,8,385,100,147.2,POINT (79.41 23.24),Noradehi WLS,1,38.4,23.6,31,0,0,9.1,22.7,28
254,23.22,79.4,490,4-2021,07-04-2021,2021,4,7,337.7,81,45.2,POINT (79.4 23.22),Noradehi WLS,1,39.2,24.9,32.2,0,0,8.9,24.1,73
255,23.24,79.4,445,4-2021,07-04-2021,2021,4,7,350.6,93,103.3,POINT (79.4 23.24),Noradehi WLS,1,39.5,25.2,32.5,0,0,8.9,24.1,73
256,22.14,80.87,788,4-2021,05-04-2021,2021,4,5,340.3,85,91.8,POINT (80.87 22.14),Kanha,0,36.5,21.5,28.8,0,0,9.7,18.7,58
257,23.89,81.07,468,4-2021,04-04-2021,2021,4,4,366.3,100,86.3,POINT (81.07 23.89),Bandhavgarh Tiger Reserve,0,36.8,22.5,29.1,0,0,11.5,25.9,80
258,23.9,81.07,488,4-2021,04-04-2021,2021,4,4,345.9,90,36,POINT (81.07 23.9),Bandhavgarh Tiger Reserve,0,36.6,22.8,28.8,0,0,10.9,25.2,72
259,25.8,77.13,399,4-2021,04-04-2021,2021,4,4,347,89,59.4,POINT (77.13 25.8),Kuno WLS,0,36.3,23.1,29,0,0,9.8,24.1,63
260,25.45,77.84,405,4-2021,04-04-2021,2021,4,4,365.45,97,170.55,POINT (77.84 25.45),Madhav National Park,0,35.6,18.8,27.3,0,0,8.9,18.4,352
261,25.45,77.85,405,4-2021,04-04-2021,2021,4,4,362.3,100,144.7,POINT (77.85 25.45),Madhav National Park,0,35.6,18.8,27.3,0,0,8.9,18.4,352
262,25.45,77.86,396,4-2021,04-04-2021,2021,4,4,347.7,89,71.8,POINT (77.86 25.45),Madhav National Park,0,35.7,18.9,27.4,0,0,8.9,18.4,352
263,23.89,81.07,396,4-2021,04-04-2021,2021,4,4,366.3,100,86.3,POINT (81.07 23.89),Panpatha WLS,0,35.7,18.9,27.4,0,0,8.9,18.4,352
264,23.9,81.07,446,4-2021,04-04-2021,2021,4,4,345.9,90,36,POINT (81.07 23.9),Panpatha WLS,0,37.2,19.9,28.7,0,0,9.1,17.6,184
265,22.86,77.65,456,4-2021,04-04-2021,2021,4,4,365.2,100,131,POINT (77.65 22.86),Ratapani WLS,0,37.1,19.8,28.6,0,0,9.1,17.6,184
266,22.86,77.66,449,4-2021,04-04-2021,2021,4,4,346.9,89,52.4,POINT (77.66 22.86),Ratapani WLS,0,36.4,19.8,28.8,0,0,8.7,18,187
267,23.15,78.14,446,4-2021,04-04-2021,2021,4,4,341.8,82,43.7,POINT (78.14 23.15),Singhori WLS,0,36.1,21.1,28.1,0,0,10.4,22.7,154
268,23.77,81,360,4-2021,03-04-2021,2021,4,3,337.8,80,27.5,POINT (81 23.77),Bandhavgarh Tiger Reserve,0,36.9,20.4,29.4,0,0,10.4,23.8,38
269,25.45,77.8,335,4-2021,03-04-2021,2021,4,3,343.1,86,66.2,POINT (77.8 25.45),Madhav National Park,0,37.1,19.5,29.1,0,0,9.6,23,34
270,25.45,77.82,515,4-2021,03-04-2021,2021,4,3,341.3,84,58.7,POINT (77.82 25.45),Madhav National Park,0,36.5,19.7,28.1,0,0,11.6,20.9,24
271,23.12,79.23,483,4-2021,03-04-2021,2021,4,3,340.5,83,43.8,POINT (79.23 23.12),Noradehi WLS,0,37.3,22.2,29.6,0,0,12.1,24.5,30
272,23.17,79.12,527,4-2021,03-04-2021,2021,4,3,316.6,94,15,POINT (79.12 23.17),Noradehi WLS,0,37.1,22,29.3,0,0,12.1,24.5,30
273,23.18,79.12,460,4-2021,03-04-2021,2021,4,3,311.2,82,9.8,POINT (79.12 23.18),Noradehi WLS,0,35.4,18.6,27.4,0,0,10.2,24.1,2
274,22.87,77.7,413,4-2021,03-04-2021,2021,4,3,311.2,82,8.6,POINT (77.7 22.87),Ratapani WLS,0,34.7,19.8,27,0,0,8.8,20.2,40
275,22.87,77.71,429,4-2021,03-04-2021,2021,4,3,317.1,94,13.6,POINT (77.71 22.87),Ratapani WLS,0,34.6,19.7,26.9,0,0,8.8,20.2,40
276,25.67,77.3,416,4-2021,02-04-2021,2021,4,2,342.8,86,30,POINT (77.3 25.67),Kuno WLS,0,36.2,21.1,29.7,0,0,13.2,27.4,36
277,23.24,79.26,466,4-2021,02-04-2021,2021,4,2,365.3,100,81.8,POINT (79.26 23.24),Noradehi WLS,0,35.9,20.8,29.4,0,0,13.2,27.4,36
278,23.24,79.27,453,4-2021,02-04-2021,2021,4,2,353.8,95,49.8,POINT (79.27 23.24),Noradehi WLS,0,35.9,19.7,29.2,0,0,13,26.3,32
279,23.25,79.21,441,4-2021,02-04-2021,2021,4,2,310.7,81,17,POINT (79.21 23.25),Noradehi WLS,0,36.9,21.6,29.5,0,0,10.9,27,24
280,23.25,79.22,475,4-2021,02-04-2021,2021,4,2,315.1,91,23.2,POINT (79.22 23.25),Noradehi WLS,0,36.7,21.4,29.3,0,0,10.9,27,24
281,23.25,79.23,501,4-2021,02-04-2021,2021,4,2,312.1,84,18.8,POINT (79.23 23.25),Noradehi WLS,0,36.5,21.2,29.2,0,0,10.9,27,24
282,22.85,77.6,495,4-2021,02-04-2021,2021,4,2,369.9,100,93.9,POINT (77.6 22.85),Ratapani WLS,0,36.5,21.3,29.2,0,0,10.9,27,24
283,22.86,77.6,479,4-2021,02-04-2021,2021,4,2,340.4,82,21.8,POINT (77.6 22.86),Ratapani WLS,0,36.6,21.4,29.3,0,0,10.9,27,24
284,22.89,77.73,369,4-2021,02-04-2021,2021,4,2,343.9,87,28.8,POINT (77.73 22.89),Ratapani WLS,0,34.9,17.8,26.6,0,0,10.2,25.9,29
285,23.61,80.97,543,4-2021,01-04-2021,2021,4,1,357.1,98,60.3,POINT (80.97 23.61),Bandhavgarh Tiger Reserve,0,36.6,20.5,28.4,0,0,10.5,25.6,55
286,23.62,80.98,519,4-2021,01-04-2021,2021,4,1,338.5,80,23.3,POINT (80.98 23.62),Bandhavgarh Tiger Reserve,0,34.9,22.2,27.9,0,0.1,13.3,27,43
287,22.37,80.48,438,4-2021,01-04-2021,2021,4,1,341.3,84,28.8,POINT (80.48 22.37),Kanha,0,35.4,24.1,29.8,0,3.5,11.2,24.1,44
288,23.23,79.16,489,4-2021,01-04-2021,2021,4,1,354.1,95,50.5,POINT (79.16 23.23),Noradehi WLS,0,35.7,22.2,28.6,0,0,11.8,29.5,56
289,24.69,80.13,486,4-2021,01-04-2021,2021,4,1,340.8,82,22.3,POINT (80.13 24.69),Panna (Gangau) WLS,0,35.7,22.2,28.7,0,0,11.8,29.5,56
290,23.28,78.2,482,4-2021,01-04-2021,2021,4,1,342.1,83,28.6,POINT (78.2 23.28),Singhori WLS,0,34,19.6,26.4,0,0,12.4,26.3,80
291,24.66,82.51,521,3-2021,31-03-2021,2021,3,31,336.6,83,67.8,POINT (82.51 24.66),Bagdara WLS,0,37.4,21.8,29.7,0,0.4,10.1,23.8,102
292,23.13,79.19,504,3-2021,31-03-2021,2021,3,31,338.3,83,37.1,POINT (79.19 23.13),Noradehi WLS,0,37.6,21.9,29.9,0,0.4,10.1,23.8,102
293,23.18,79.2,276,3-2021,31-03-2021,2021,3,31,336.8,81,32,POINT (79.2 23.18),Noradehi WLS,0,36.4,23.9,30,0,0,10,16.6,86
294,23.68,80.96,366,3-2021,30-03-2021,2021,3,30,343.6,83,37.5,POINT (80.96 23.68),Bandhavgarh Tiger Reserve,0,37.5,20.9,29.3,0,0,7.8,18.7,138
295,23.69,80.95,368,3-2021,30-03-2021,2021,3,30,344.5,87,40.1,POINT (80.95 23.69),Bandhavgarh Tiger Reserve,0,38.5,22.1,30.7,0,0.9,8.6,21.6,306
296,23.69,80.96,363,3-2021,30-03-2021,2021,3,30,414.4,100,453,POINT (80.96 23.69),Bandhavgarh Tiger Reserve,0,39.7,21.8,31.3,0,2,6.4,22.7,147
297,23.69,80.97,515,3-2021,30-03-2021,2021,3,30,437,100,742.5,POINT (80.97 23.69),Bandhavgarh Tiger Reserve,0,38,25.6,31.3,0,1.7,9.8,25.9,22
298,23.7,80.9,496,3-2021,30-03-2021,2021,3,30,364.2,100,103.1,POINT (80.9 23.7),Bandhavgarh Tiger Reserve,0,37.5,21.9,30.3,0,0.1,8,21.2,162
299,23.7,80.91,482,3-2021,30-03-2021,2021,3,30,357.6,98,78.4,POINT (80.91 23.7),Bandhavgarh Tiger Reserve,0,37,24.2,30.6,0,1.8,6.8,17.3,240
300,23.7,80.95,406,3-2021,30-03-2021,2021,3,30,340.7,83,32.2,POINT (80.95 23.7),Bandhavgarh Tiger Reserve,0,37.5,24.7,31.1,0,1.8,6.8,17.3,240
301,22.42,77.95,568,3-2021,30-03-2021,2021,3,30,358.4,98,61.8,POINT (77.95 22.42),Bori WLS,0,37.7,23.2,30.6,0,0,7.6,21.6,66
302,22.86,76.86,561,3-2021,30-03-2021,2021,3,30,360.5,100,66,POINT (76.86 22.86),Kheoni WLS,0,37.8,23.3,30.6,0,0,7.6,21.6,66
303,25.47,77.82,540,3-2021,30-03-2021,2021,3,30,342.3,84,23.8,POINT (77.82 25.47),Madhav National Park,0,37.8,22.5,30.2,0,0,9,22,73
304,23.14,79.17,391,3-2021,30-03-2021,2021,3,30,356.2,97,56.3,POINT (79.17 23.14),Noradehi WLS,0,38.6,24,31,0,0.2,8,21.6,327
305,23.14,79.18,591,3-2021,30-03-2021,2021,3,30,344.7,88,29.7,POINT (79.18 23.14),Noradehi WLS,0,37.6,23.1,30.4,0,0,7.6,21.6,66
306,23.14,79.19,558,3-2021,30-03-2021,2021,3,30,347,90,35.8,POINT (79.19 23.14),Noradehi WLS,0,37.6,22.4,30,0,0,9,22,73
307,23.15,79.16,564,3-2021,30-03-2021,2021,3,30,347.5,90,38.2,POINT (79.16 23.15),Noradehi WLS,0,37.7,23.2,30.6,0,0,7.6,21.6,66
308,23.15,79.17,560,3-2021,30-03-2021,2021,3,30,364.6,100,82.3,POINT (79.17 23.15),Noradehi WLS,0,37.8,23.3,30.6,0,0,7.6,21.6,66
309,23.15,79.18,588,3-2021,30-03-2021,2021,3,30,398.6,100,237.5,POINT (79.18 23.15),Noradehi WLS,0,37.6,23.1,30.5,0,0,7.6,21.6,66
310,23.15,79.19,520,3-2021,30-03-2021,2021,3,30,370.6,100,103.3,POINT (79.19 23.15),Noradehi WLS,0,37.9,22.6,30.3,0,0,9,22,73
311,23.15,79.21,543,3-2021,30-03-2021,2021,3,30,312.3,85,12.6,POINT (79.21 23.15),Noradehi WLS,0,37.7,22.5,30.1,0,0,9,22,73
312,23.16,79.16,557,3-2021,30-03-2021,2021,3,30,342.5,85,27.9,POINT (79.16 23.16),Noradehi WLS,0,37.7,22.4,30.1,0,0,9,22,73
313,23.16,79.17,381,3-2021,30-03-2021,2021,3,30,347.8,90,38.7,POINT (79.17 23.16),Noradehi WLS,1,38.9,21.8,30.6,0,0,9.8,21.2,76
314,23.17,79.19,389,3-2021,30-03-2021,2021,3,30,310.5,80,38.8,POINT (79.19 23.17),Noradehi WLS,0,37.1,24.6,30.4,0,0.4,8.6,20.2,34
315,23.19,79.1,405,3-2021,30-03-2021,2021,3,30,338.7,80,19.5,POINT (79.1 23.19),Noradehi WLS,0,37,24.5,30.3,0,0.4,8.6,20.2,34
316,23.22,79.34,516,3-2021,30-03-2021,2021,3,30,344,86,26.1,POINT (79.34 23.22),Noradehi WLS,0,37.5,24.3,31.1,0,0,8.5,20.9,66
317,23.22,79.35,487,3-2021,30-03-2021,2021,3,30,341.4,85,50.45,POINT (79.35 23.22),Noradehi WLS,0,37.7,24.5,31.2,0,0,8.5,20.9,66
318,23.25,79.16,504,3-2021,30-03-2021,2021,3,30,347,89,33.8,POINT (79.16 23.25),Noradehi WLS,0,37.3,22.8,30.1,0,0,8.5,20.9,69
319,23.25,79.17,503,3-2021,30-03-2021,2021,3,30,368.9,100,93.6,POINT (79.17 23.25),Noradehi WLS,0,37.3,22.8,30.2,0,0,8.5,20.9,69
320,23.25,79.18,500,3-2021,30-03-2021,2021,3,30,365,100,82.1,POINT (79.18 23.25),Noradehi WLS,0,37.3,22.8,30.2,0,0,8.5,20.9,69
321,23.26,79.16,482,3-2021,30-03-2021,2021,3,30,354,95,49.6,POINT (79.16 23.26),Noradehi WLS,0,37.4,22.9,30.3,0,0,8.5,20.9,69
322,23.26,79.17,490,3-2021,30-03-2021,2021,3,30,399.3,100,237.7,POINT (79.17 23.26),Noradehi WLS,0,37.4,22.8,30.2,0,0,8.5,20.9,69
323,23.26,79.18,495,3-2021,30-03-2021,2021,3,30,388.7,100,178.4,POINT (79.18 23.26),Noradehi WLS,0,37.4,22.8,30.2,0,0,8.5,20.9,69
324,22.81,77.59,498,3-2021,30-03-2021,2021,3,30,348.2,90,34.7,POINT (77.59 22.81),Ratapani WLS,0,38.4,25,30.9,0,0,11.8,31.3,1
325,22.83,77.44,477,3-2021,30-03-2021,2021,3,30,356.1,97,50.6,POINT (77.44 22.83),Ratapani WLS,0,38.5,25.1,31,0,0,11.8,31.3,1
326,22.9,77.56,482,3-2021,30-03-2021,2021,3,30,345.4,87,29.5,POINT (77.56 22.9),Ratapani WLS,0,38.5,25.1,31,0,0,11.8,31.3,1
327,23,77.88,489,3-2021,30-03-2021,2021,3,30,357.1,98,55.8,POINT (77.88 23),Ratapani WLS,0,38.5,25,31,0,0,11.8,31.3,1
328,23.01,77.89,446,3-2021,30-03-2021,2021,3,30,352,93,43.6,POINT (77.89 23.01),Ratapani WLS,0,38,24.1,30.4,0,0,10.7,25.2,12
329,23.15,78.18,463,3-2021,30-03-2021,2021,3,30,349,91,33.1,POINT (78.18 23.15),Singhori WLS,0,37.9,24,30.3,0,0,10.7,25.2,12
330,23.22,78.2,476,3-2021,30-03-2021,2021,3,30,343.4,85,24.7,POINT (78.2 23.22),Singhori WLS,0,38.3,24.7,30.7,0,0,10.9,29.5,0
331,23.22,78.21,429,3-2021,30-03-2021,2021,3,30,340.3,80,18.8,POINT (78.21 23.22),Singhori WLS,0,38.7,25.3,31.8,0,0,9,18.4,206
332,23.68,80.9,410,3-2021,29-03-2021,2021,3,29,326.5,100,22.8,POINT (80.9 23.68),Bandhavgarh Tiger Reserve,0,38.9,21,30.6,0,0.5,6.6,17.3,52
333,22.85,76.86,475,3-2021,29-03-2021,2021,3,29,339.8,82,43.4,POINT (76.86 22.85),Kheoni WLS,0,38.7,24.6,31.5,0,1,9.4,18,333
334,23.13,79.15,442,3-2021,29-03-2021,2021,3,29,312.3,85,9.8,POINT (79.15 23.13),Noradehi WLS,0,38.2,19.2,29.1,0,0,7.2,16.2,336
335,22.75,77.5,533,3-2021,29-03-2021,2021,3,29,312.2,80,11.6,POINT (77.5 22.75),Ratapani WLS,0,38.1,22.1,30.4,0,0,10.5,24.8,11
336,23.02,78.03,447,3-2021,29-03-2021,2021,3,29,314.6,89,12.7,POINT (78.03 23.02),Ratapani WLS,0,37.4,20.3,29.1,0,0,12.5,28.4,312
337,22.83,76.89,394,3-2021,28-03-2021,2021,3,28,324.5,100,27.6,POINT (76.89 22.83),Kheoni WLS,0,38.2,22.4,30.2,0,2.3,11.7,27.7,332
338,22.86,76.96,456,3-2021,28-03-2021,2021,3,28,345,87,27.4,POINT (76.96 22.86),Kheoni WLS,0,37.8,22.2,30.2,0,2,10.1,27.7,335
339,23.14,79.23,491,3-2021,28-03-2021,2021,3,28,340,83,41.4,POINT (79.23 23.14),Noradehi WLS,0,36.4,20.2,28.4,0,0.1,8.4,24.8,328
340,23.43,79.18,556,3-2021,28-03-2021,2021,3,28,340.6,83,37.3,POINT (79.18 23.43),Noradehi WLS,0,35.6,18.6,26.8,0,0.1,8.2,24.5,325
341,23.44,79.18,562,3-2021,28-03-2021,2021,3,28,339.2,81,33.4,POINT (79.18 23.44),Noradehi WLS,0,36.7,21.9,29.1,0,0.5,10.9,28.8,350
342,22.97,77.78,396,3-2021,28-03-2021,2021,3,28,342,83,31.4,POINT (77.78 22.97),Ratapani WLS,0,37.3,20.1,28.7,0,0.3,10.2,23,343
343,22.99,77.95,396,3-2021,28-03-2021,2021,3,28,341.2,82,29.9,POINT (77.95 22.99),Ratapani WLS,0,37.3,20.1,28.7,0,0.3,10.2,23,343
344,23.8,80.97,427,3-2021,27-03-2021,2021,3,27,354.8,96,98.6,POINT (80.97 23.8),Bandhavgarh Tiger Reserve,0,33.3,18.7,27,0,0.4,8.8,20.5,281
345,23.81,80.98,427,3-2021,27-03-2021,2021,3,27,340.8,85,48.4,POINT (80.98 23.81),Bandhavgarh Tiger Reserve,0,33.3,18.7,27,0,0.4,8.8,20.5,281
346,24.74,80.12,441,3-2021,27-03-2021,2021,3,27,337.4,80,46,POINT (80.12 24.74),Panna,0,33.2,18.6,26.9,0,0.4,8.8,20.5,281
347,23.8,80.97,441,3-2021,27-03-2021,2021,3,27,354.8,96,98.6,POINT (80.97 23.8),Panpatha WLS,0,33.2,18.6,26.9,0,0.4,8.8,20.5,281
348,23.81,80.98,212,3-2021,27-03-2021,2021,3,27,340.8,85,48.4,POINT (80.98 23.81),Panpatha WLS,0,34.4,17.9,26.7,0,0,10.2,32,274
349,24.55,82.36,447,3-2021,27-03-2021,2021,3,27,342.7,87,35.9,POINT (82.36 24.55),Son Gharial WLS,0,32.9,21.9,28.2,0,0,10.8,22.3,283
350,23.26,79.41,455,3-2021,26-03-2021,2021,3,26,344.4,89,124.5,POINT (79.41 23.26),Noradehi WLS,0,31.7,18.3,25.2,0,0,11.9,26.3,227
351,23.33,79.21,458,3-2021,25-03-2021,2021,3,25,310.6,81,17.7,POINT (79.21 23.33),Noradehi WLS,0,32.4,17.7,25.9,0,0,8.1,20.2,125
352,24.05,81.61,389,3-2021,25-03-2021,2021,3,25,336,80,21.7,POINT (81.61 24.05),Sanjay Dubri WLS/Tiger Reserve,1,33.7,21,27,0,0,7.9,19.8,76
353,22.97,77.87,566,3-2021,11-03-2021,2021,3,11,330.7,80,74.5,POINT (77.87 22.97),Ratapani WLS,2,32.6,20,26.2,0,0,8.7,23,78
354,22.95,77.8,593,3-2021,10-03-2021,2021,3,10,343.9,90,41.1,POINT (77.8 22.95),Ratapani WLS,0,32.8,19.5,26.4,0,0,10.9,24.1,64
355,23.21,79.16,326,3-2021,09-03-2021,2021,3,9,336,82,28.7,POINT (79.16 23.21),Noradehi WLS,1,35.4,20,27.6,0,0,9.2,23,57
356,22.82,77.69,351,3-2021,09-03-2021,2021,3,9,335.8,81,40.5,POINT (77.69 22.82),Ratapani WLS,1,35.3,19.9,27.4,0,0,9.2,23,57
357,22.82,77.7,583,3-2021,09-03-2021,2021,3,9,333.9,80,35.3,POINT (77.7 22.82),Ratapani WLS,1,33.6,20.4,26.4,0,0,9.7,20.9,59
358,22.95,77.76,521,3-2021,09-03-2021,2021,3,9,337.8,83,48.4,POINT (77.76 22.95),Ratapani WLS,2,33.7,18.4,26.6,0,0,9,23.4,53
359,23.64,79.28,436,3-2021,08-03-2021,2021,3,8,342.8,89,40.2,POINT (79.28 23.64),Noradehi WLS,0,34.8,20.6,27,0,0,8.8,16.9,66
360,22.84,77.51,531,3-2021,08-03-2021,2021,3,8,338.9,86,28.4,POINT (77.51 22.84),Ratapani WLS,0,33.3,19.5,26,0,0,8.4,16.9,50
361,22.91,77.62,403,3-2021,08-03-2021,2021,3,8,333.8,82,19.2,POINT (77.62 22.91),Ratapani WLS,0,35.1,20.2,27.6,0,0,8.7,22,78
362,23.68,79.32,557,3-2021,07-03-2021,2021,3,7,344.1,89,30.6,POINT (79.32 23.68),Noradehi WLS,0,32.9,19.5,26.4,0,0,9.7,17.6,78
363,23.68,79.33,441,3-2021,07-03-2021,2021,3,7,342.7,87,27.8,POINT (79.33 23.68),Noradehi WLS,0,33.8,18.8,26.3,0,0,9.2,20.9,77
364,22.91,77.48,429,3-2021,07-03-2021,2021,3,7,313.5,87,26,POINT (77.48 22.91),Ratapani WLS,0,35,17.5,26.2,0,0,8.5,18.7,92
365,23.06,77.87,410,3-2021,07-03-2021,2021,3,7,344.2,89,34.4,POINT (77.87 23.06),Ratapani WLS,0,35.1,17.6,26.3,0,0,8.5,18.7,92
366,23.14,79.28,525,3-2021,06-03-2021,2021,3,6,333.8,83,182.7,POINT (79.28 23.14),Noradehi WLS,0,33.6,17.4,25.8,0,0,10.2,24.8,11
367,23.17,79.28,467,3-2021,05-03-2021,2021,3,5,344.3,90,40.3,POINT (79.28 23.17),Noradehi WLS,0,32.5,20.1,25.3,0,1.1,7.4,24.1,56
368,22.95,77.87,536,3-2021,05-03-2021,2021,3,5,342.5,87,33.5,POINT (77.87 22.95),Ratapani WLS,0,33.7,18.6,25.8,0,0.6,5.6,16.6,17
369,22.92,77.46,478,3-2021,04-03-2021,2021,3,4,319.7,99,19.9,POINT (77.46 22.92),Ratapani WLS,0,33.5,16.3,25.4,0,0.5,8.5,19.4,21
370,22.77,77.5,544,3-2021,03-03-2021,2021,3,3,331.2,80,29.5,POINT (77.5 22.77),Ratapani WLS,0,31.5,16,23.2,0,0,8,21.2,53
371,22.92,77.37,512,3-2021,03-03-2021,2021,3,3,335.8,81,32.2,POINT (77.37 22.92),Ratapani WLS,0,31.4,16.4,23.3,0,0.1,8.6,18,34
372,23.18,79.28,540,3-2021,02-03-2021,2021,3,2,331.5,80,30.4,POINT (79.28 23.18),Noradehi WLS,0,30.6,17.4,23.8,0,0.1,9.9,23,31
373,22.82,76.82,446,3-2021,01-03-2021,2021,3,1,337.3,86,24.5,POINT (76.82 22.82),Kheoni WLS,0,33.2,20.7,26.5,0,0,11.2,23.4,19
374,22.83,76.8,454,2-2021,28-02-2021,2021,2,28,339.8,86,45.1,POINT (76.8 22.83),Kheoni WLS,1,33,21.1,26.5,0,7.9,9.7,22.3,5
375,23.15,79.21,588,2-2021,26-02-2021,2021,2,26,341.3,88,30.9,POINT (79.21 23.15),Noradehi WLS,0,32.1,17.4,25,0,0.4,10.3,24.1,15
376,23.15,79.22,565,2-2021,26-02-2021,2021,2,26,333.7,81,17.7,POINT (79.22 23.15),Noradehi WLS,0,32.3,17.6,25.2,0,0.4,10.3,24.1,15
377,23.24,79.46,478,2-2021,26-02-2021,2021,2,26,336,82,21.7,POINT (79.46 23.24),Noradehi WLS,0,32.8,17.4,25.4,0,0.2,10.5,23.4,358
378,25.77,77.17,257,2-2021,21-02-2021,2021,2,21,315.1,91,19.2,POINT (77.17 25.77),Kuno WLS,0,29.1,13,20.6,0,2.6,11.6,27.7,251
379,22.91,77.44,378,2-2021,19-02-2021,2021,2,19,338.1,88,33.4,POINT (77.44 22.91),Ratapani WLS,1,27.6,16.7,21.6,0,11.5,17.1,41,248
380,23.27,79.41,470,2-2021,12-02-2021,2021,2,12,331.3,82,19.2,POINT (79.41 23.27),Noradehi WLS,1,29.4,13.3,21.3,0,6.7,10.7,25.6,138
381,24.72,80.05,288,2-2021,10-02-2021,2021,2,10,337.2,88,39.4,POINT (80.05 24.72),Panna,1,27.6,13.7,20,0,8.5,11.3,25.2,77
382,23.64,79.27,488,2-2021,03-02-2021,2021,2,3,351,96,55.7,POINT (79.27 23.64),Noradehi WLS,0,27.2,12.3,19.4,0,54.2,16.9,35.6,269
383,22.99,77.82,409,2-2021,03-02-2021,2021,2,3,331.3,82,24.5,POINT (77.82 22.99),Ratapani WLS,1,28.3,10.2,18.9,0,49,14.3,30.6,296
384,25.71,77.2,457,1-2021,30-01-2021,2021,1,30,332.1,86,46.8,POINT (77.2 25.71),Kuno WLS,0,22.2,8.8,14.7,0,36.9,11.8,22.3,266
385,22.87,77.47,229,1-2021,30-01-2021,2021,1,30,337.8,90,53.9,POINT (77.47 22.87),Ratapani WLS,0,22.4,5.9,13.7,0,2.8,10.8,24.1,37
386,25.82,77.15,257,1-2021,29-01-2021,2021,1,29,330.3,86,67.6,POINT (77.15 25.82),Kuno WLS,0,20.1,9.1,13.7,0,7.1,8.4,22.7,57
387,25.83,77.14,243,1-2021,29-01-2021,2021,1,29,326.7,83,54.9,POINT (77.14 25.83),Kuno WLS,0,20.2,9.2,13.8,0,7.1,8.4,22.7,57
388,25.83,77.16,243,1-2021,29-01-2021,2021,1,29,327.9,84,58.8,POINT (77.16 25.83),Kuno WLS,0,20.2,9.2,13.8,0,7.1,8.4,22.7,57
389,25.84,77.14,242,1-2021,29-01-2021,2021,1,29,328.4,84,60.6,POINT (77.14 25.84),Kuno WLS,0,20.2,9.2,13.8,0,7.1,8.4,22.7,57
390,22.85,77.67,528,1-2021,25-01-2021,2021,1,25,332.9,86,24.5,POINT (77.67 22.85),Ratapani WLS,0,23,12.5,17.1,0,27.7,10.2,24.8,270
391,22.85,77.68,518,1-2021,25-01-2021,2021,1,25,334.6,87,27,POINT (77.68 22.85),Ratapani WLS,0,23.1,12.6,17.2,0,27.7,10.2,24.8,270
392,22.88,77.66,458,1-2021,18-01-2021,2021,1,18,327.3,81,20.5,POINT (77.66 22.88),Ratapani WLS,2,26,16.6,21,0,7.9,18.1,37.1,242
393,22.77,77.57,351,1-2021,16-01-2021,2021,1,16,339.1,90,37.8,POINT (77.57 22.77),Ratapani WLS,0,27.1,14.2,20,0,26.1,13,28.8,297
394,22.81,77.71,384,12-2020,22-12-2020,2020,12,22,326.8,81,24.7,POINT (77.71 22.81),Ratapani WLS,1,24.3,10.5,16.4,0,26.5,24.9,49.7,254
395,23.54,79.32,384,5-2020,23-05-2020,2020,5,23,340.5,80,10.4,POINT (79.32 23.54),Noradehi WLS,1,42.8,28.1,36.2,0,0,20.5,40,325
396,23.54,79.33,402,5-2020,23-05-2020,2020,5,23,340.8,81,10.8,POINT (79.33 23.54),Noradehi WLS,1,42.7,28,36.1,0,0,24.9,52.6,343
397,22.95,77.45,505,5-2020,02-05-2020,2020,5,2,315.1,87,9.1,POINT (77.45 22.95),Ratapani WLS,1,39.7,28.9,33.9,0,0,19.7,42.1,355
398,23.18,79.23,508,5-2020,01-05-2020,2020,5,1,345.3,87,31.2,POINT (79.23 23.18),Noradehi WLS,1,39.8,25.6,32.8,0,0,13.4,29.2,305
399,25.6,78.05,251,4-2020,21-04-2020,2020,4,21,339.6,80,20,POINT (78.05 25.6),Karera WLS,1,34,22.5,28,0,5.3,16.1,34.6,280
400,23.52,79.33,430,4-2020,19-04-2020,2020,4,19,334.6,80,18.6,POINT (79.33 23.52),Noradehi WLS,1,37.3,26.4,31.2,0,0.2,30.2,60.1,222
401,23.55,79.27,410,4-2020,19-04-2020,2020,4,19,339.3,85,24.2,POINT (79.27 23.55),Noradehi WLS,1,37.5,26.5,31.3,0,0.4,15.2,45.7,300
402,23.55,79.29,405,4-2020,19-04-2020,2020,4,19,342.8,88,32.3,POINT (79.29 23.55),Noradehi WLS,1,37.5,26.5,31.3,0,0.4,15.2,45.7,300
403,23.24,79.15,538,4-2020,18-04-2020,2020,4,18,317.2,95,13.5,POINT (79.15 23.24),Noradehi WLS,1,37.3,25,31.6,0,0,11.5,27.7,37
404,23.24,79.16,525,4-2020,18-04-2020,2020,4,18,313.1,86,9.8,POINT (79.16 23.24),Noradehi WLS,1,37.4,25.1,31.6,0,0,15,31.3,67
405,23.7,80.96,471,4-2020,17-04-2020,2020,4,17,338.4,81,23.3,POINT (80.96 23.7),Bandhavgarh Tiger Reserve,2,39,24.6,32,0,0,25.1,50,90
406,23.5,79.3,413,4-2020,16-04-2020,2020,4,16,345.6,88,48.8,POINT (79.3 23.5),Noradehi WLS,1,39.9,25.1,32.8,0,6.3,18.2,49.7,207
407,22.87,77.55,532,4-2020,15-04-2020,2020,4,15,316.1,93,15,POINT (77.55 22.87),Ratapani WLS,2,36.6,24.3,31.4,0,0,16.9,41.4,248
408,24.65,80.01,389,4-2020,14-04-2020,2020,4,14,339.5,85,21,POINT (80.01 24.65),Panna,2,35.8,24.9,31,0,0,19.2,43.2,252
409,22.83,77.69,423,4-2020,12-04-2020,2020,4,12,340.9,81,21.7,POINT (77.69 22.83),Ratapani WLS,0,38.2,23.1,30.9,0,0,18.4,41,259
410,22.86,77.5,450,4-2020,12-04-2020,2020,4,12,340.4,80,19.6,POINT (77.5 22.86),Ratapani WLS,0,37.4,25,31.4,0,0,18.6,49,298
411,22.86,77.51,397,4-2020,12-04-2020,2020,4,12,344.4,86,27.2,POINT (77.51 22.86),Ratapani WLS,0,37.8,25.4,31.8,0,1.6,17.9,46.8,292
412,22.86,77.52,376,4-2020,12-04-2020,2020,4,12,346,88,30.5,POINT (77.52 22.86),Ratapani WLS,0,37.9,25.5,31.9,0,1.6,17.9,46.8,292
413,23.17,78.19,421,4-2020,12-04-2020,2020,4,12,345.2,87,28.7,POINT (78.19 23.17),Singhori WLS,1,38.9,22.9,31.3,0,1.6,17.9,46.8,292
414,23.32,79.13,445,4-2020,05-04-2020,2020,4,5,342.8,84,23.9,POINT (79.13 23.32),Noradehi WLS,0,35.2,20.1,27.7,0,0,15,32.8,309
415,23.15,79.21,588,4-2020,03-04-2020,2020,4,3,355.1,97,68.8,POINT (79.21 23.15),Noradehi WLS,1,33.4,20.8,27.2,0,0,11.8,25.2,303
416,23.11,79.15,482,4-2020,02-04-2020,2020,4,2,322,100,17.3,POINT (79.15 23.11),Noradehi WLS,0,35.1,20.4,28,0,0.6,11.4,34.6,198
417,23.11,79.16,419,4-2020,02-04-2020,2020,4,2,310.4,80,7.3,POINT (79.16 23.11),Noradehi WLS,0,35.5,20.8,28.4,0,2.8,17.7,35.6,190
418,23.12,79.15,391,4-2020,02-04-2020,2020,4,2,314.1,88,10,POINT (79.15 23.12),Noradehi WLS,0,35.7,21,28.6,0,2.8,17.7,35.6,190
419,23.12,79.16,516,4-2020,02-04-2020,2020,4,2,313.2,86,9.4,POINT (79.16 23.12),Noradehi WLS,0,35,21,28,0,2.8,17.7,35.6,190
420,23.14,79.22,565,4-2020,02-04-2020,2020,4,2,317.4,95,12.2,POINT (79.22 23.14),Noradehi WLS,0,33.9,21.6,27.5,0,0.5,20.5,41.8,201
421,23.15,79.22,565,4-2020,02-04-2020,2020,4,2,317.5,95,12.5,POINT (79.22 23.15),Noradehi WLS,0,33.9,21.6,27.5,0,0.6,11.4,34.6,198
422,23.15,79.27,560,4-2020,01-04-2020,2020,4,1,335.2,80,42.4,POINT (79.27 23.15),Noradehi WLS,0,35.1,21.3,28.2,0,4.9,18.2,41.8,283
423,23.26,79.21,494,4-2020,01-04-2020,2020,4,1,335.9,80,44.9,POINT (79.21 23.26),Noradehi WLS,0,35.5,21.6,28.7,0,4.9,18.2,41.8,283
424,22.57,78.3,395,1-2020,30-01-2020,2020,1,30,325,81,21.7,POINT (78.3 22.57),Pachmarhi WLS/Tiger Reserve,0,22.6,13.5,17.1,0,0,10.8,22.7,359
425,22.24,80.6,608,6-2019,11-06-2019,2019,6,11,311,82,6.1,POINT (80.6 22.24),Kanha,2,42,29.9,35.7,0,3.8,16.8,40.3,203
426,22.25,80.59,572,6-2019,11-06-2019,2019,6,11,328.3,100,23.2,POINT (80.59 22.25),Kanha,2,42.2,30.1,36,0,9.1,14.8,37.4,221
427,22.25,80.6,561,6-2019,11-06-2019,2019,6,11,318.4,97,12.2,POINT (80.6 22.25),Kanha,2,42.3,30.2,36,0,9.1,14.8,37.4,221
428,22.91,77.71,530,6-2019,04-06-2019,2019,6,4,349.5,91,32.3,POINT (77.71 22.91),Ratapani WLS,1,42.3,30.1,36.8,0,0.1,17.1,40.3,262
429,22.92,77.71,534,6-2019,04-06-2019,2019,6,4,347.4,89,27.4,POINT (77.71 22.92),Ratapani WLS,1,42.2,30.4,36.8,0,0,20.7,40,267
430,25.69,77.24,303,6-2019,02-06-2019,2019,6,2,341,81,32.2,POINT (77.24 25.69),Kuno WLS,1,43.7,31.1,37.3,0,0,22.8,40.7,288
431,22.49,78.5,780,5-2019,27-05-2019,2019,5,27,313.9,81,9,POINT (78.5 22.49),Pachmarhi WLS/Tiger Reserve,1,40.1,28,34.2,0,0,16.9,37.8,283
432,25.65,78.15,232,5-2019,20-05-2019,2019,5,20,338.5,80,196.8,POINT (78.15 25.65),Karera WLS,2,40.1,24.9,33,0,0,16.6,46.8,269
433,23.35,79.25,423,5-2019,09-05-2019,2019,5,9,339.9,80,44.9,POINT (79.25 23.35),Noradehi WLS,0,40.4,27.4,34.1,0,0,22.4,41,283
434,24.54,82.52,314,5-2019,07-05-2019,2019,5,7,345.2,82,23.4,POINT (82.52 24.54),Bagdara WLS,0,41.8,25.2,33.7,0,0,20.6,42.5,246
435,26.15,78.09,293,5-2019,07-05-2019,2019,5,7,340,80,29.1,POINT (78.09 26.15),Ghatigaon WLS,1,41.7,26.9,34,0,0,19.7,42.8,268
436,25.67,78.15,229,5-2019,05-05-2019,2019,5,5,370.2,100,93,POINT (78.15 25.67),Karera WLS,3,40.3,24.6,32.5,0,0,19.8,37.4,43
437,25.67,78.16,229,5-2019,05-05-2019,2019,5,5,342.6,84,22.7,POINT (78.16 25.67),Karera WLS,3,40.3,24.6,32.5,0,0,21.9,42.1,42
438,24.53,79.81,412,5-2019,01-05-2019,2019,5,1,368.3,87,90.8,POINT (79.81 24.53),Panna,1,40.8,28,34.6,0,0,28,51.1,308
439,23.68,80.92,634,4-2019,12-04-2019,2019,4,12,341.8,85,24.5,POINT (80.92 23.68),Bandhavgarh Tiger Reserve,0,39.2,22.8,31.1,0,0,16.6,36,287
440,22.33,78.01,463,4-2019,12-04-2019,2019,4,12,315.2,90,19.9,POINT (78.01 22.33),Bori WLS,2,38.6,23.1,31,0,0,9.9,25.2,209
441,22.34,78.05,669,4-2019,11-04-2019,2019,4,11,318.1,85,39.6,POINT (78.05 22.34),Bori WLS,1,38.5,22.9,30.9,0,0,20.3,41,241
442,22.34,78,446,4-2019,10-04-2019,2019,4,10,343,84,22.8,POINT (78 22.34),Bori WLS,1,38.9,22.2,30.9,0,0,10,25.6,217
443,22.34,78.01,600,4-2019,10-04-2019,2019,4,10,361,100,63.9,POINT (78.01 22.34),Bori WLS,1,38.1,21.8,30.2,0,0,13.1,26.6,211
444,22.35,78.01,425,4-2019,10-04-2019,2019,4,10,354.9,96,48.9,POINT (78.01 22.35),Bori WLS,1,39,22.3,31,0,0,10,25.6,210
445,24.76,80.13,446,4-2019,10-04-2019,2019,4,10,350.65,91.5,49.9,POINT (80.13 24.76),Panna,2,39.4,25.8,32.5,0,0,13.1,26.6,211
446,22.88,77.65,466,4-2019,10-04-2019,2019,4,10,348.7,90,28.9,POINT (77.65 22.88),Ratapani WLS,2,39.5,25.7,32.4,0,0,16.5,31,272
447,22.89,77.68,455,4-2019,10-04-2019,2019,4,10,348.2,90,27.8,POINT (77.68 22.89),Ratapani WLS,2,39.6,25.7,32.5,0,0,13.8,31,269
448,22.89,77.71,487,4-2019,10-04-2019,2019,4,10,314.3,89,19.9,POINT (77.71 22.89),Ratapani WLS,2,39.4,25.5,32.3,0,0,13.8,31,269
449,22.9,77.68,368,4-2019,10-04-2019,2019,4,10,345.3,87,22,POINT (77.68 22.9),Ratapani WLS,1,39.4,25.7,32.4,0,0,13.8,31,269
450,23.15,78.16,367,4-2019,10-04-2019,2019,4,10,347.3,89,25,POINT (78.16 23.15),Singhori WLS,1,39.4,25.7,32.4,0,0,18.7,38.9,274
451,23.15,78.17,427,4-2019,10-04-2019,2019,4,10,353.7,95,39.4,POINT (78.17 23.15),Singhori WLS,1,37.7,23.8,30.7,0,0,18.7,38.9,274
452,22.41,78.48,639,4-2019,09-04-2019,2019,4,9,312.4,83,9.6,POINT (78.48 22.41),Pachmarhi WLS/Tiger Reserve,1,36.8,22.8,29.7,0,0,16.2,34.9,270
453,22.42,78.47,857,4-2019,09-04-2019,2019,4,9,314.4,88,11.4,POINT (78.47 22.42),Pachmarhi WLS/Tiger Reserve,0,34.5,22.1,28.1,0,0,16,37.4,243
454,22.89,77.67,456,4-2019,09-04-2019,2019,4,9,350,92,102.5,POINT (77.67 22.89),Ratapani WLS,0,38.7,25.2,32.4,0,0,15.5,39.2,254
455,23.02,77.9,414,4-2019,09-04-2019,2019,4,9,313.3,85,11.5,POINT (77.9 23.02),Ratapani WLS,0,38.2,24.9,32.3,0,0,18.2,34.9,288
456,22.41,78.47,962,4-2019,08-04-2019,2019,4,8,310.3,80,7.3,POINT (78.47 22.41),Pachmarhi WLS/Tiger Reserve,1,33.5,21,27.2,0,0,14.8,33.1,282
457,22.78,77.52,536,4-2019,08-04-2019,2019,4,8,341.2,82,22,POINT (77.52 22.78),Ratapani WLS,1,38.9,22.9,31,0,0,16.2,40.3,263
458,23.27,79.24,462,4-2019,07-04-2019,2019,4,7,340.8,84,58.7,POINT (79.24 23.27),Noradehi WLS,1,38.7,25.9,32,0,0,14.2,31.7,276
459,22.39,78.42,874,4-2019,06-04-2019,2019,4,6,313.9,88,11.9,POINT (78.42 22.39),Satpura National Park/Tiger Reserve,1,34.3,23.1,28.6,0,0,13.8,30.2,268
460,23.19,79.29,497,4-2019,04-04-2019,2019,4,4,349.2,92,45.7,POINT (79.29 23.19),Noradehi WLS,2,38.8,24.4,31.7,0,0,15.6,32.8,252
461,22.92,77.49,542,4-2019,04-04-2019,2019,4,4,353.6,95,52.2,POINT (77.49 22.92),Ratapani WLS,1,39.4,22.9,31.5,0,0,15.9,32.8,295
462,22.13,81.01,777,4-2019,03-04-2019,2019,4,3,357,98,64.9,POINT (81.01 22.13),Kanha,0,36.6,21.8,28.7,0,0,15.8,38.2,290
463,23.26,79.14,536,4-2019,03-04-2019,2019,4,3,340.7,80,16.5,POINT (79.14 23.26),Noradehi WLS,0,37.7,22,30.1,0,0,17.8,43.6,275
464,23.27,79.13,600,4-2019,03-04-2019,2019,4,3,349.8,92,33.6,POINT (79.13 23.27),Noradehi WLS,0,36.9,21.5,29.6,0,0,12.3,29.2,323
465,22.78,77.52,491,4-2019,03-04-2019,2019,4,3,342.5,81,23.1,POINT (77.52 22.78),Ratapani WLS,0,37.3,22.6,29.9,0,0,13.7,29.2,228
466,22.95,77.81,509,4-2019,03-04-2019,2019,4,3,363.8,100,76.8,POINT (77.81 22.95),Ratapani WLS,0,37.4,20.3,29.4,0,0,16.2,37.1,266
467,23.12,79.22,569,4-2019,01-04-2019,2019,4,1,344.5,86,35.4,POINT (79.22 23.12),Noradehi WLS,1,35.6,21.7,28.9,0,0,13.5,28.4,31
468,23.21,79.44,520,4-2019,01-04-2019,2019,4,1,339.9,80,24.9,POINT (79.44 23.21),Noradehi WLS,1,35.9,22.1,29.2,0,0,19,32.4,360
469,22.92,77.62,565,4-2019,01-04-2019,2019,4,1,341.1,81,20.6,POINT (77.62 22.92),Ratapani WLS,1,35.8,22.8,29.5,0,0,19,32.4,360
470,22.93,77.62,593,4-2019,01-04-2019,2019,4,1,343.9,85,24.9,POINT (77.62 22.93),Ratapani WLS,1,35.4,21,28.6,0,0,12.7,34.9,355
471,22.96,77.8,390,4-2019,01-04-2019,2019,4,1,342.9,84,24.2,POINT (77.8 22.96),Ratapani WLS,1,36.9,22.8,30,0,0,18.9,38.2,353
472,22.96,77.81,539,4-2019,01-04-2019,2019,4,1,341.7,82,22.9,POINT (77.81 22.96),Ratapani WLS,0,36.2,21.9,29.3,0,0,12.8,24.1,350
473,23.04,77.92,457,4-2019,01-04-2019,2019,4,1,348.8,91,38,POINT (77.92 23.04),Ratapani WLS,0,36.4,22.5,29.3,0,0,19,36.4,79
474,23.21,78.15,505,4-2019,01-04-2019,2019,4,1,341,81,20.6,POINT (78.15 23.21),Singhori WLS,0,35.9,22.7,29,0,0,16,36.7,7
475,22.95,77.79,569,3-2019,31-03-2019,2019,3,31,339.3,84,89,POINT (77.79 22.95),Ratapani WLS,0,37.4,25.2,30.9,0,0,13.7,26.6,48
476,22.85,76.88,421,3-2019,30-03-2019,2019,3,30,343.2,84,31,POINT (76.88 22.85),Kheoni WLS,1,39.3,26.5,32.5,0,0,12.4,25.6,317
477,23.3,79.15,612,3-2019,30-03-2019,2019,3,30,338.8,81,21.5,POINT (79.15 23.3),Noradehi WLS,2,37.8,23.4,30.4,0,0,16.1,29.5,246
478,22.93,77.79,592,3-2019,30-03-2019,2019,3,30,362.3,100,122.2,POINT (77.79 22.93),Ratapani WLS,2,37.9,23.5,30.6,0,0,12.4,25.6,317
479,22.93,77.8,512,3-2019,30-03-2019,2019,3,30,365.5,100,139.7,POINT (77.8 22.93),Ratapani WLS,1,38.6,23.2,30.8,0,0,12.4,25.6,317
480,23.27,78.2,459,3-2019,30-03-2019,2019,3,30,343.6,87,35.2,POINT (78.2 23.27),Singhori WLS,1,38.6,22.7,30.8,0,0,12.3,28.4,292
481,22.86,76.86,515,3-2019,29-03-2019,2019,3,29,340.1,81,77.4,POINT (76.86 22.86),Kheoni WLS,0,38.4,23.7,31.1,0,0,12.2,30.6,258
482,22.84,76.81,459,3-2019,28-03-2019,2019,3,28,342.9,86,29.1,POINT (76.81 22.84),Kheoni WLS,0,36.7,23.2,29.5,0,0,15.1,31.3,331
483,23.26,79.24,467,3-2019,28-03-2019,2019,3,28,347.9,91,39.5,POINT (79.24 23.26),Noradehi WLS,1,34.5,18.6,27.2,0,0,17.4,32,319
484,22.98,77.44,486,3-2019,27-03-2019,2019,3,27,340.3,82,31,POINT (77.44 22.98),Ratapani WLS,0,33.6,20.1,26.6,0,0,13,28.1,9
485,23.21,79.26,581,3-2019,25-03-2019,2019,3,25,344.8,84,27.8,POINT (79.26 23.21),Noradehi WLS,1,34.5,19.3,27.5,0,0,12.3,26.3,263
486,23.22,79.24,543,3-2019,25-03-2019,2019,3,25,334.4,80,56.2,POINT (79.24 23.22),Noradehi WLS,1,34.7,19.3,27.8,0,0,12.9,21.6,282
487,22.94,77.76,486,3-2019,25-03-2019,2019,3,25,341.1,83,23.4,POINT (77.76 22.94),Ratapani WLS,1,35.8,20.7,28.9,0,0,14.6,29.9,281
488,22.94,77.77,464,3-2019,25-03-2019,2019,3,25,340.2,81,22.4,POINT (77.77 22.94),Ratapani WLS,1,35.4,20.4,27.7,0,0,16.5,29.9,277
489,23.01,77.43,449,3-2019,25-03-2019,2019,3,25,340.3,81,21.4,POINT (77.43 23.01),Ratapani WLS,1,35.5,20.5,27.8,0,0,13.3,29.9,265
490,25.73,77.2,237,3-2019,23-03-2019,2019,3,23,340.3,87,37.9,POINT (77.2 25.73),Kuno WLS,0,31.8,17.8,24.7,0,0,16.4,36,257
491,22.98,77.4,504,3-2019,21-03-2019,2019,3,21,337,81,43,POINT (77.4 22.98),Ratapani WLS,0,32.9,19.4,25.8,0,0,14.5,33.1,258
492,23.23,79.23,465,3-2019,20-03-2019,2019,3,20,334.9,80,22.5,POINT (79.23 23.23),Noradehi WLS,51,32.7,19.6,25.3,0.9,0,21.2,45,331
493,22.94,77.48,498,3-2019,17-03-2019,2019,3,17,331.7,82,30.6,POINT (77.48 22.94),Ratapani WLS,51,30.8,19.7,24.4,0.1,0,13.2,32.8,50
494,22.9,77.47,448,3-2019,16-03-2019,2019,3,16,335.8,80,19.9,POINT (77.47 22.9),Ratapani WLS,1,30.9,18.5,24.4,0,0,17.6,34.2,9
495,22.92,77.49,497,3-2019,16-03-2019,2019,3,16,340.7,86,28.7,POINT (77.49 22.92),Ratapani WLS,1,30.3,17.7,23.7,0,0,15.5,32,10
496,22.97,77.47,494,3-2019,14-03-2019,2019,3,14,334.3,82,34,POINT (77.47 22.97),Ratapani WLS,1,31,19.9,25,0,0,15,26.6,338
497,22.95,77.82,591,3-2019,07-03-2019,2019,3,7,333.4,80,27.7,POINT (77.82 22.95),Ratapani WLS,0,26.4,13.9,19.9,0,0,12,22,15
498,22.95,77.83,567,3-2019,07-03-2019,2019,3,7,349.2,93,64,POINT (77.83 22.95),Ratapani WLS,0,26.4,14.4,20.3,0,0,14,23.4,3
499,22.91,77.7,507,3-2019,06-03-2019,2019,3,6,335.85,85,115.2,POINT (77.7 22.91),Ratapani WLS,1,27.2,15.9,20.8,0,0,11.3,23.4,358
500,22.97,77.45,524,3-2019,05-03-2019,2019,3,5,335.4,84,56.3,POINT (77.45 22.97),Ratapani WLS,0,27.2,16.7,21.4,0,0,14.1,33.1,22
501,22.97,77.47,494,3-2019,05-03-2019,2019,3,5,331.9,80,47.7,POINT (77.47 22.97),Ratapani WLS,0,27.3,16.4,21.3,0,0,13.6,28.8,32
502,22.9,77.37,453,3-2019,02-03-2019,2019,3,2,337.1,85,29.6,POINT (77.37 22.9),Ratapani WLS,51,30.1,15.9,22.7,0.5,0,11.2,26.6,192
503,23.03,77.86,566,3-2019,02-03-2019,2019,3,2,339.8,87,32.9,POINT (77.86 23.03),Ratapani WLS,1,28.7,14.2,21.1,0,0.4,12.2,27.7,100
504,22.14,80.98,741,2-2019,05-02-2019,2019,2,5,327.2,80,28.6,POINT (80.98 22.14),Kanha,1,27.2,14.8,20.7,0,0,9.8,22.7,20
505,23.03,77.93,387,2-2019,05-02-2019,2019,2,5,330.6,81,20.7,POINT (77.93 23.03),Ratapani WLS,2,29.2,14.8,22,0,0,13.6,28.1,338
506,22.87,77.61,562,1-2019,22-01-2019,2019,1,22,327.6,81.5,28.15,POINT (77.61 22.87),Ratapani WLS,1,24.9,14.9,19.7,0,0,7.7,18,13
507,22.9,77.51,508,1-2019,20-01-2019,2019,1,20,353.2,96,62.3,POINT (77.51 22.9),Ratapani WLS,0,28,13.4,19.8,0,0,13.1,23.8,13
508,22.9,77.52,499,1-2019,20-01-2019,2019,1,20,331.5,83,23,POINT (77.52 22.9),Ratapani WLS,0,28.1,13.5,19.9,0,0,13.9,25.6,21
